lastPrice,stockCode,stockName
33.28,688560,N明冠
49.86,300923,N研奥
16.23,003029,N吉大
53.92,300917,C特发
31.64,688658,N悦康
5.82,300064,ST金刚
5.68,300029,ST天龙
151.59,688333,铂力特
24.34,300313,天山生物
3.48,600139,西部资源
5.89,000591,太阳能
6.33,600333,长春燃气
5.8,002765,蓝黛科技
4.05,600798,宁波海运
10.51,600592,龙溪股份
4.6,000928,中钢国际
5.15,600537,亿晶光电
8.88,603066,音飞储存
17.33,002149,西部材料
5.6,000521,长虹美菱
14.45,600636,国新文化
9.48,002320,海峡股份
47.3,600316,洪都航空
5.02,601101,昊华能源
55.51,000733,振华科技
3.92,600481,双良节能
37.61,603538,美诺华
1.63,002638,*ST勤上
9.56,000821,京山轻机
18.79,300452,山河药辅
7.62,600312,平高电气
9.53,002064,华峰氨纶
32.02,603218,日月股份
2.64,000659,珠海中富
7.71,000012,南  玻Ａ
22.41,300627,华测导航
10.86,600336,澳柯玛
20.22,601615,明阳智能
3.17,000552,靖远煤电
20.34,002625,光启技术
7.08,600121,郑州煤电
4.65,600403,大有能源
6.09,000593,大通燃气
5.87,600379,宝光股份
3.88,002204,大连重工
3.66,600844,丹化科技
31.35,002389,航天彩虹
49.32,603396,金辰股份
4.57,601015,陕西黑猫
77.79,605123,派克新材
11.15,300083,创世纪
7.91,600864,哈投股份
4.29,600428,中远海特
4.85,601179,中国西电
26.37,002493,荣盛石化
34.05,688186,广大特材
27.84,600346,恒力石化
44.12,002773,康弘药业
92.75,300875,捷强装备
13.72,300490,华自科技
25.38,300629,新劲刚
10.89,002318,久立特材
6.41,601001,大同煤业
2.7,600293,三峡新材
26.8,605169,洪通燃气
182.28,603129,春风动力
77.61,603068,博通集成
11.94,002887,绿茵生态
44.9,300470,中密控股
48.91,300552,万集科技
8.75,600733,北汽蓝谷
4.52,600722,金牛化工
25.82,600685,中船防务
5.09,600791,京能置业
4.34,002498,汉缆股份
27.0,002214,大立科技
6.07,002350,北京科锐
11.43,300120,经纬辉开
4.69,300159,新研股份
75.1,300357,我武生物
51.47,300696,爱乐达
41.97,002414,高德红外
28.09,603025,大豪科技
21.5,002643,万润股份
13.14,601636,旗滨集团
50.2,600511,国药股份
37.88,002829,星网宇达
32.27,300593,新雷能
13.35,600903,贵州燃气
48.98,002756,永兴材料
6.57,600971,恒源煤电
17.03,002911,佛燃能源
177.0,688598,金博股份
3.06,601388,怡球资源
6.47,600819,耀皮玻璃
24.18,002240,盛新锂能
5.12,300301,长方集团
21.0,300733,西菱动力
20.0,300397,天和防务
131.7,600486,扬农化工
0.8,600978,*ST宜生
1.4,600157,*ST永泰
2.21,000669,*ST金鸿
22.17,002189,中光学
1.02,002175,ST东网
3.48,000536,*ST华映
7.2,002238,天威视讯
75.65,002714,牧原股份
5.78,002499,*ST科林
3.73,002575,*ST群兴
2.7,600408,ST安泰
230.02,603501,韦尔股份
57.39,300921,C南凌
9.19,600877,ST电能
3.76,600792,云煤能源
2.51,600242,*ST中昌
16.33,600182,S佳通
7.33,002529,*ST海源
11.94,000504,ST生物
18.23,600265,ST景谷
19.75,600416,*ST湘电
46.51,600660,福耀玻璃
4.22,002766,ST索菱
2.54,600290,*ST华仪
1.06,002052,*ST同洲
0.85,000662,*ST天夏
32.42,600118,中国卫星
6.02,000421,南京公用
2.37,002445,*ST中南
14.88,603855,华荣股份
1.08,002470,*ST金正
11.94,000516,国际医学
1.52,600816,*ST安信
34.59,300530,达志科技
1.75,000585,*ST东电
22.77,603565,中谷物流
10.1,600686,金龙汽车
5.08,000927,*ST夏利
6.2,600707,彩虹股份
25.98,600850,华东电脑
47.93,300581,晨曦航空
15.88,003022,联泓新科
16.92,605001,威奥股份
14.66,600926,杭州银行
19.57,000818,航锦科技
122.89,300916,朗特智能
24.96,300427,红相股份
9.1,002549,凯美特气
48.21,300777,中简科技
4.24,000407,胜利股份
8.29,300129,泰胜风能
8.88,600711,盛屯矿业
10.57,603226,菲林格尔
6.52,300495,美尚生态
35.39,300294,博雅生物
87.42,603899,晨光文具
16.64,603706,东方环宇
1.64,002247,*ST聚力
5.82,600125,铁龙物流
31.39,603179,新泉股份
43.23,300671,富满电子
63.03,300853,申昊科技
20.09,603506,南都物业
52.99,002151,北斗星通
159.4,300347,泰格医药
41.32,688158,优刻得-W
62.59,603678,火炬电子
11.05,603038,华立股份
53.03,300567,精测电子
29.1,300001,特锐德
8.0,002097,山河智能
3.2,000965,天保基建
19.92,600641,万业企业
4.54,600237,铜峰电子
9.09,600178,东安动力
9.74,002487,大金重工
12.4,601187,厦门银行
33.95,603665,康隆达
54.83,688116,天奈科技
91.28,300124,汇川技术
8.65,603717,天域生态
3.09,601918,新集能源
131.7,002049,紫光国微
17.22,300101,振芯科技
11.26,603689,皖天然气
1.16,600247,*ST成城
2.91,000558,莱茵体育
15.77,002885,京泉华
9.64,300446,ST乐凯
3.51,002132,恒星科技
20.0,002612,朗姿股份
72.7,300015,爱尔眼科
3.54,600397,安源煤业
28.4,600690,海尔智家
2.96,000150,宜华健康
1.78,002418,*ST康盛
60.12,603187,海容冷链
86.16,300699,光威复材
37.85,002271,东方雨虹
28.64,002831,裕同科技
9.23,002166,莱茵生物
54.54,300502,新易盛
4.64,000613,大东海A
12.61,300414,中光防雷
11.03,002079,苏州固锝
28.19,603131,上海沪工
55.81,300395,菲利华
47.84,000028,国药一致
35.95,000786,北新建材
2.39,002501,*ST利源
7.22,002246,北化股份
5.19,603366,日出东方
47.12,002415,海康威视
5.91,603618,杭电股份
12.56,603053,成都燃气
2.45,002554,惠博普
22.85,600323,瀚蓝环境
9.5,603105,芯能科技
51.58,300806,斯迪克
2.85,601866,中远海发
8.67,002531,天顺风能
7.6,002288,超华科技
39.85,300379,东方通
28.79,600862,中航高科
4.01,002162,悦心健康
171.71,300601,康泰生物
3.31,600758,辽宁能源
33.1,002933,新兴装备
5.15,600681,百川能源
59.5,688378,奥来德
7.44,002363,隆基机械
13.09,603080,新疆火炬
12.74,300342,天银机电
23.37,603393,新天然气
18.85,603568,伟明环保
3.78,601008,连云港
66.2,300910,瑞丰新材
7.2,002608,江苏国信
3.82,300367,ST网力
5.36,000404,长虹华意
17.25,000066,中国长城
68.9,603799,华友钴业
108.8,600276,恒瑞医药
3.51,600651,*ST飞乐
13.65,000626,远大控股
10.62,002331,皖通科技
18.56,601233,桐昆股份
13.43,300123,亚光科技
82.88,688516,奥特维
36.16,002801,微光股份
4.77,601700,风范股份
105.12,603613,国联股份
98.98,002460,赣锋锂业
4.05,600495,晋西车轴
18.25,601698,中国卫通
7.31,000851,高鸿股份
32.5,300489,中飞股份
3.26,600664,哈药股份
34.67,600764,中国海防
9.81,600967,内蒙一机
19.05,603681,永冠新材
4.56,000958,东方能源
13.33,600774,汉商集团
2.92,000767,漳泽电力
20.49,000411,英特集团
14.22,002202,金风科技
8.01,002398,垒知集团
6.76,002003,伟星股份
8.51,600395,盘江股份
157.28,300122,智飞生物
12.04,601606,长城军工
7.34,601139,深圳燃气
11.69,300323,华灿光电
26.88,603110,东方材料
18.22,300138,晨光生物
4.78,000691,亚太实业
10.44,601919,中远海控
6.54,002267,陕天然气
10.07,603619,中曼石油
7.95,600883,博闻科技
4.45,600617,国新能源
50.0,600529,山东药玻
6.27,002300,太阳电缆
5.39,601003,柳钢股份
25.07,300619,金银河
10.94,300177,中海达
20.97,300168,万达信息
7.91,600119,ST长投
5.59,002948,青岛银行
42.0,300862,蓝盾光电
8.87,002893,华通热力
41.18,688066,航天宏图
7.49,600165,新日恒力
9.84,300411,金盾股份
39.4,688567,孚能科技
62.39,300722,新余国科
135.57,603185,上机数控
36.68,003023,彩虹集团
8.96,300221,银禧科技
252.2,601888,中国中免
37.18,603229,奥翔药业
1.43,002535,*ST林重
43.0,603690,至纯科技
15.3,600399,ST抚钢
39.93,603260,合盛硅业
78.62,603233,大参林
15.6,300918,C南山
8.8,002063,远光软件
6.85,600917,重庆燃气
65.65,300474,景嘉微
99.4,600563,法拉电子
32.17,002967,广电计量
7.96,600629,华建集团
1.99,000809,铁岭新城
46.92,603960,克来机电
51.0,300662,科锐国际
5.61,002283,天润工业
79.72,688058,宝兰德
4.1,300185,通裕重工
1.03,601258,ST庞大
5.68,002762,金发拉比
5.69,000725,京东方Ａ
16.64,002157,正邦科技
57.23,300799,左江科技
6.82,600746,江苏索普
14.2,300615,欣天科技
9.53,000519,中兵红箭
10.12,300499,高澜股份
1.07,002356,*ST赫美
11.26,603885,吉祥航空
12.39,600155,华创阳安
38.88,002919,名臣健康
176.08,002371,北方华创
88.6,600309,万华化学
78.6,300616,尚品宅配
20.67,600378,昊华科技
3.27,002490,山东墨龙
25.76,002870,香山股份
36.82,300408,三环集团
11.6,601038,一拖股份
29.01,603228,景旺电子
11.38,300095,华伍股份
44.69,002690,美亚光电
2.3,600575,淮河能源
20.17,601166,兴业银行
20.75,300652,雷迪克
15.59,000713,丰乐种业
33.72,300516,久之洋
13.96,300225,金力泰
18.63,600598,北大荒
2.36,002503,搜于特
20.8,000708,中信特钢
30.5,002601,龙蟒佰利
14.39,600148,长春一东
11.43,002232,启明信息
7.24,300187,永清环保
3.02,600320,振华重工
3.64,601608,中信重工
37.8,002683,宏大爆破
29.27,300879,大叶股份
17.96,300569,天能重工
6.83,000561,烽火电子
24.38,300847,中船汉光
6.88,600168,武汉控股
29.47,600741,华域汽车
26.34,300046,台基股份
3.77,002936,郑州银行
47.94,300855,图南股份
2.53,000630,铜陵有色
264.49,600763,通策医疗
14.56,002124,天邦股份
12.67,600984,建设机械
8.91,601899,紫金矿业
29.99,002190,成飞集成
74.16,002901,大博医疗
47.5,300900,广联航空
277.09,300661,圣邦股份
5.81,601666,平煤股份
19.45,300602,飞荣达
111.71,688311,盟升电子
3.92,600470,*ST六化
3.96,002700,ST浩源
7.98,600483,福能股份
3.33,000545,金浦钛业
601.0,300782,卓胜微
5.37,002130,沃尔核材
4.71,600173,卧龙地产
128.9,603087,甘李药业
3.4,600794,保税科技
201.15,603392,万泰生物
16.38,300698,万马科技
34.23,002142,宁波银行
4.11,000632,三木集团
37.03,300443,金雷股份
15.85,603161,科华控股
12.42,300227,光韵达
9.73,000531,穗恒运Ａ
2.79,600530,*ST交昂
7.68,600268,国电南自
11.89,000703,恒逸石化
14.69,002405,四维图新
4.21,002062,宏润建设
18.26,000001,平安银行
24.68,300115,长盈精密
4.26,601011,宝泰隆
8.52,000811,冰轮环境
22.76,300406,九强生物
8.58,600435,北方导航
25.75,300390,天华超净
8.59,002171,楚江新材
7.29,000099,中信海直
25.53,603016,新宏泰
16.11,000400,许继电气
4.4,600302,标准股份
4.42,002170,芭田股份
6.64,600874,创业环保
34.02,002597,金禾实业
4.44,600583,海油工程
1.48,600090,*ST济堂
8.89,000567,海德股份
14.1,000921,海信家电
108.48,300792,壹网壹创
5.27,603188,ST亚邦
18.85,300019,硅宝科技
17.37,603239,浙江仙通
5.29,601777,*ST力帆
86.32,300482,万孚生物
42.49,002729,好利来
9.12,601577,长沙银行
57.13,300741,华宝股份
40.63,300630,普利制药
8.51,002828,贝肯能源
81.65,300747,锐科激光
23.6,000988,华工科技
12.6,002233,塔牌集团
5.53,300021,大禹节水
3.97,000530,冰山冷热
27.89,603662,柯力传感
153.02,688018,乐鑫科技
21.81,600999,招商证券
25.16,603606,东方电缆
113.0,002975,博杰股份
4.91,300278,华昌达
5.74,600348,阳泉煤业
40.19,603212,赛伍技术
5.76,600217,中再资环
28.97,603722,阿科力
10.77,603677,奇精机械
13.31,300435,中泰股份
4.21,002228,合兴包装
2.53,002716,*ST金贵
65.24,688196,卓越新能
30.71,003019,宸展光电
16.53,603728,鸣志电器
4.35,000875,吉电股份
73.11,600760,中航沈飞
10.51,601838,成都银行
30.97,603313,梦百合
8.87,603167,渤海轮渡
75.79,300618,寒锐钴业
22.53,002853,皮阿诺
4.52,002611,东方精工
10.87,600295,鄂尔多斯
4.53,000791,甘肃电投
7.28,603318,派思股份
14.56,000712,锦龙股份
3.65,000680,山推股份
72.1,002032,苏 泊 尔
12.83,000777,中核科技
7.35,002297,博云新材
5.53,601872,招商轮船
8.3,002090,金智科技
17.56,600876,洛阳玻璃
20.4,300554,三超新材
3.73,601018,宁波港
1.87,600759,洲际油气
11.22,002243,通产丽星
10.41,300045,华力创通
7.59,000933,神火股份
41.9,300648,星云股份
12.5,600532,宏达矿业
10.58,002571,德力股份
16.43,002871,伟隆股份
2.91,601106,中国一重
8.73,600851,海欣股份
6.79,002686,亿利达
137.8,002812,恩捷股份
75.73,600536,中国软件
4.9,600599,*ST熊猫
17.7,600549,厦门钨业
1.97,600871,石化油服
61.31,002311,海大集团
17.9,600988,赤峰黄金
79.71,603486,科沃斯
7.06,603977,国泰集团
15.14,002111,威海广泰
112.2,300496,中科创达
36.46,603297,永新光学
6.1,002068,黑猫股份
33.68,000636,风华高科
7.15,601111,中国国航
7.17,600539,ST狮头
13.32,002332,仙琚制药
7.2,600638,新黄浦
4.12,601989,中国重工
31.0,300523,辰安科技
60.05,688258,卓易信息
92.89,000333,美的集团
2.09,600169,太原重工
11.51,300455,康拓红外
58.64,300638,广和通
5.24,002218,拓日新能
42.4,300762,上海瀚讯
49.07,300895,铜牛信息
74.7,002920,德赛西威
3.21,002060,粤 水 电
1.07,000982,*ST 中绒
14.0,688585,上纬新材
7.56,000408,*ST藏格
1.09,600146,*ST环球
3.27,000422,ST宜化
33.81,603456,九洲药业
3.28,002486,嘉麟杰
3.29,600589,广东榕泰
14.39,300114,中航电测
5.54,000507,珠海港
4.44,601898,中煤能源
4.45,600018,上港集团
11.26,600985,淮北矿业
68.8,603638,艾迪精密
11.36,300265,通光线缆
4.56,600115,东方航空
5.7,002248,华东数控
102.63,601100,恒立液压
8.15,002567,唐人神
6.99,002667,鞍重股份
19.84,300402,宝色股份
15.2,002039,黔源电力
12.94,002736,国信证券
2.36,600815,*ST厦工
13.07,002184,海得控制
10.74,600184,光电股份
20.38,300562,乐心医疗
14.46,002395,双象股份
12.13,601882,海天精工
3.65,002321,华英农业
31.66,002918,蒙娜丽莎
4.92,603993,洛阳钼业
47.99,600882,妙可蓝多
4.98,601002,晋亿实业
6.23,002006,精功科技
66.2,600845,宝信软件
10.0,600501,航天晨光
6.27,601890,亚星锚链
5.02,300048,合康新能
2.55,600317,营口港
6.41,000058,深 赛 格
10.29,600508,上海能源
15.53,300447,全信股份
22.1,603031,安德利
6.54,600387,海越能源
13.18,600966,博汇纸业
25.14,300238,冠昊生物
7.98,002545,东方铁塔
22.71,300901,中胤时尚
29.6,603308,应流股份
8.1,002419,天虹股份
266.27,688188,柏楚电子
13.66,300340,科恒股份
24.59,600363,联创光电
4.1,600635,大众公用
8.21,002753,永东股份
246.61,600436,片仔癀
17.95,600150,中国船舶
2.77,002471,中超控股
4.16,000560,我爱我家
6.97,300320,海达股份
41.85,600161,天坛生物
15.46,000603,盛达资源
68.99,300690,双一科技
30.99,603650,彤程新材
29.65,603505,金石资源
5.66,000600,建投能源
2.87,000677,恒天海龙
4.31,300091,金通灵
20.12,603223,恒通股份
20.12,600621,华鑫股份
20.15,600765,中航重机
30.23,003010,若羽臣
7.22,600367,红星发展
8.71,600107,美尔雅
70.4,300274,阳光电源
470.0,300841,康华生物
144.12,002977,天箭科技
16.21,600933,爱柯迪
13.29,600803,新奥股份
115.61,300598,诚迈科技
25.2,300667,必创科技
15.0,601965,中国汽研
10.56,000697,炼石航空
19.64,000672,上峰水泥
9.11,002066,瑞泰科技
18.58,600267,海正药业
3.1,601016,节能风电
12.46,300400,劲拓股份
43.66,003027,同兴环保
1.56,000806,*ST银河
12.55,002637,赞宇科技
39.54,002241,歌尔股份
4.81,600193,ST创兴
17.66,603992,松霖科技
109.53,000538,云南白药
133.83,300860,锋尚文化
3.24,601228,广州港
14.6,002737,葵花药业
13.35,300415,伊之密
126.2,603259,药明康德
8.43,601908,京运通
37.12,300575,中旗股份
15.23,300632,光莆股份
18.64,300498,温氏股份
11.87,600605,汇通能源
42.57,600036,招商银行
30.7,688586,江航装备
6.83,600515,海航基础
13.75,000987,越秀金控
8.63,600360,华微电子
7.05,002199,东晶电子
7.07,600961,株冶集团
67.32,603583,捷昌驱动
12.41,603848,好太太
19.54,600593,大连圣亚
7.11,601933,永辉超市
12.47,300449,汉邦高科
10.72,603018,华设集团
28.86,002555,三七互娱
12.64,002734,利民股份
34.69,300607,拓斯达
17.11,603322,超讯通信
15.28,002158,汉钟精机
40.79,000710,贝瑞基因
5.88,600997,开滦股份
38.22,600438,通威股份
8.91,603177,德创环保
3.03,600578,京能电力
6.2,603300,华铁应急
12.41,000668,荣丰控股
6.3,601969,海南矿业
3.17,601988,中国银行
6.45,300008,天海防务
71.1,002179,中航光电
22.7,002695,煌上煌
13.19,601808,中海油服
16.58,002544,杰赛科技
6.64,601699,潞安环能
17.03,600482,中国动力
389.45,300760,迈瑞医疗
7.1,603660,苏州科达
179.5,603489,八方股份
7.19,601800,中国交建
15.21,002275,桂林三金
7.84,601009,南京银行
51.38,600585,海螺水泥
4.11,002047,宝鹰股份
12.45,600977,中国电影
20.95,603158,腾龙股份
12.65,600111,北方稀土
4.34,002042,华孚时尚
4.45,600039,四川路桥
13.47,603022,新通联
49.4,688135,利扬芯片
4.52,600693,东百集团
18.26,688218,江苏北人
9.2,000735,罗 牛 山
56.42,002025,航天电器
25.53,600183,生益科技
30.83,300721,怡达股份
41.22,002947,恒铭达
10.34,601717,郑煤机
10.45,002013,中航机电
5.29,600928,西安银行
81.24,002990,盛视科技
5.45,002958,青农商行
22.04,002041,登海种业
5.8,000027,深圳能源
5.82,002309,中利集团
36.73,300669,沪宁股份
18.51,603358,华达科技
6.25,002015,协鑫能科
12.64,603363,傲农生物
700.1,300751,迈为股份
25.87,002778,高科石化
6.59,002639,雪人股份
39.92,601689,拓普集团
13.35,000803,*ST北能
6.75,000905,厦门港务
6.78,600970,中材国际
41.3,605376,博迁新材
13.85,002351,漫步者
7.23,000690,宝新能源
36.31,601601,中国太保
5.74,600123,兰花科创
5.77,002703,浙江世宝
3.86,601218,吉鑫科技
50.36,601021,春秋航空
9.78,002027,分众传媒
155.29,688202,美迪西
5.92,002473,ST圣莱
176.88,300769,德方纳米
4.06,601860,紫金银行
32.68,600031,三一重工
10.22,600188,兖州煤业
4.11,000937,冀中能源
18.57,603377,东方时尚
4.16,601857,中国石油
6.27,601939,建设银行
36.35,300775,三角防务
6.42,600026,中远海能
10.7,002569,ST步森
55.73,002475,立讯精密
73.75,002410,广联达
272.23,000596,古井贡酒
141.65,603658,安图生物
17.59,603909,合诚股份
240.0,688023,安恒信息
6.76,000529,广弘控股
6.83,600552,凯盛科技
9.11,600810,神马股份
6.85,601366,利群股份
4.58,600337,美克家居
6.88,001965,招商公路
6.93,002413,雷科防务
7.03,002383,合众思壮
7.09,000061,农 产 品
7.1,002116,中国海诚
4.77,000737,ST南风
14.59,000878,云南铜业
36.95,603707,健友股份
9.9,000901,航天科技
85.05,300815,玉禾田
27.94,000002,万  科Ａ
5.14,600016,民生银行
18.02,601088,中国神华
5.16,300198,纳川股份
88.55,002850,科达利
13.05,002438,江苏神通
13.2,000789,万年青
7.99,601186,中国铁建
18.65,605116,奥锐特
176.16,603236,移远通信
26.8,002129,中环股份
2.69,601326,秦港股份
65.04,688155,先惠技术
89.73,603939,益丰药房
81.6,300595,欧普康视
13.65,002126,银轮股份
2.74,600518,ST康美
39.68,300810,中科海讯
8.63,002289,ST宇顺
2.91,601212,白银有色
26.32,002867,周大生
26.49,600459,贵研铂业
33.3,603629,利通电子
123.91,603267,鸿远电子
-,688698,伟创电气
-,688686,奥普特
-,688679,通源环境
-,688656,浩欧博
-,688618,三旺通信
-,688617,惠泰医疗
69.3,688396,华润微
80.5,688388,嘉元科技
13.35,688165,埃夫特-U
-,688063,派能科技
49.49,688011,新光光电
-,605377,华旺科技
-,605277,新亚电子
-,605179,一鸣食品
-,605155,西大门
27.74,603915,国茂股份
7.4,000528,柳    工
14.98,002254,泰和新材
7.74,601229,上海银行
8.46,002560,通达股份
8.5,000922,佳电股份
17.18,300191,潜能恒信
8.69,000962,东方钽业
8.77,600458,时代新材
9.18,600377,宁沪高速
9.27,601225,陕西煤业
9.54,000301,东方盛虹
10.88,002999,天禾股份
12.59,600837,海通证券
13.38,600383,金地集团
14.64,002056,横店东磁
15.24,600855,航天长峰
65.96,603520,司太立
18.9,002780,三夫户外
20.72,002878,元隆雅图
50.06,002938,鹏鼎控股
-,600878,*ST北科
-,600852,*ST中川
-,600849,上药转换
-,600842,中西药业
-,600841,上柴股份
-,600840,新湖创业
-,600832,东方明珠
-,600813,ST鞍一工
-,600806,退市昆机
-,600799,*ST龙科
-,600788,*ST达曼
-,600786,东方锅炉
-,600772,S*ST龙昌
-,600762,S*ST金荔
-,600752,*ST哈慈
-,600747,退市大控
-,600709,ST生态
-,600701,*ST工新
-,600700,*ST数码
3.42,600688,上海石化
69.67,603786,科博达
11.93,603602,纵横通信
11.52,603315,福鞍股份
13.65,603221,爱丽家居
24.32,603069,海汽集团
-,603021,山东华鹏
-,601963,重庆银行
-,601956,东贝集团
1.91,601880,大连港
4.72,601658,邮储银行
-,601558,退市锐电
4.96,601398,工商银行
-,601299,中国北车
3.14,601288,农业银行
-,601268,*ST二重
7.53,601126,四方股份
-,600991,广汽长丰
3.66,600939,重庆建工
-,600899,*ST信联
-,600891,*ST秋林
-,600687,*ST刚泰
-,600680,*ST上普
-,600677,*ST航通
-,600672,*ST华圣
-,600670,*ST斯达
-,600669,*ST鞍成
-,600659,*ST花雕
-,600656,退市博元
-,600646,ST国嘉
-,600634,*ST富控
-,600632,华联商厦
-,600631,百联股份
-,600627,上电股份
-,600625,PT水仙
-,600614,*ST鹏起
-,600607,上实医药
2.52,600595,*ST中孚
-,600591,*ST上航
-,600553,太行水泥
15.16,600523,贵航股份
-,600485,*ST信威
-,600472,包头铝业
-,600432,退市吉恩
2.53,600423,ST柳化
-,600401,退市海润
-,600357,承德钒钛
-,600296,S兰铝
-,600286,S*ST国瓷
-,600270,外运发展
-,600263,路桥建设
-,600253,天方药业
6.99,600246,万通发展
-,600240,退市华业
4.48,600236,桂冠电力
-,600228,ST昌九
-,600205,S山东铝
-,600181,S*ST云大
-,600175,退市美都
1.19,600112,ST天成
-,600102,莱钢股份
-,003028,振邦智能
7.52,002966,苏州银行
4.05,002807,江阴银行
-,002781,奇信股份
6.4,002752,昇兴股份
8.9,002730,电光科技
-,002711,*ST欧浦
-,002680,长生退
-,002604,龙力退
5.31,002596,海南瑞泽
-,002509,天茂退
5.04,002485,希努尔
-,002477,雏鹰退
-,002450,*ST康得
2.25,002447,*ST晨鑫
27.92,002430,杭氧股份
-,002359,*ST北讯
-,002260,*ST德奥
3.38,002259,*ST升达
4.88,002239,奥特佳
-,600092,S*ST精密
-,600087,退市长油
-,600086,*ST金钰
-,600074,退市保千
-,600069,退市银鸽
-,600065,*ST联谊
6.0,600057,厦门象屿
3.99,600028,中国石化
1.16,600010,包钢股份
-,600005,武钢股份
13.35,600004,白云机场
-,600003,ST东北高
-,600002,齐鲁石化
-,600001,邯郸钢铁
9.55,600000,浦发银行
-,300928,华安鑫创
-,300927,江天化学
-,300926,博俊科技
-,300925,法本信息
-,300922,天秦装备
-,300920,润阳科技
-,300894,火星人
-,300506,名家汇
8.9,300441,鲍斯股份
-,300431,暴风退
-,300372,欣泰退
-,300362,天翔环境
-,300216,千山退
-,300200,高盟新材
-,300186,大华农
-,300156,神雾退
-,300104,乐视退
-,300090,盛运退
-,300065,海兰信
-,300028,金亚退
-,300011,鼎汉技术
-,003033,征和工业
-,003032,传智教育
-,003031,中瓷电子
-,003030,祖名股份
-,002220,天宝退
3.8,002176,*ST江特
-,002143,印纪退
-,002115,三维通信
1.92,002089,ST新海
-,002070,众和退
7.08,002051,中工国际
8.29,002045,国光电器
6.21,002040,南 京 港
-,002018,华信退
1.24,002005,ST德豪
-,000979,中弘退
-,000956,中原油气
-,000939,凯迪退
3.47,000918,嘉凯城
-,000916,华北高速
11.71,000885,城发环境
-,000866,扬子石化
-,000832,*ST龙涤
-,000827,*ST长兴
-,000817,辽河油田
-,000805,*ST炎黄
-,000792,*ST盐湖
-,000787,*ST创智
-,000769,*ST大菲
-,000765,*ST华信
-,000763,锦州石化
-,000760,*ST斯太
-,000748,长城信息
-,000730,*ST环保
-,000699,S*ST佳纸
-,000693,华泽退
-,000689,ST宏业
-,000675,ST银山
-,000670,*ST盈方
-,000660,*ST南华
-,000658,ST海洋
-,000653,ST九州
8.18,000628,高新发展
-,000621,*ST比特
-,000618,吉林化工
-,000602,金马集团
6.78,000601,韶能股份
2.01,000595,*ST宝实
-,000594,国恒退
-,000588,PT粤金曼
-,000583,S*ST托普
-,000578,盐湖集团
-,000569,长城股份
-,000562,宏源证券
-,000556,PT南洋
4.39,000554,泰山石油
-,000549,S湘火炬
-,000542,TCL通讯
-,000535,*ST猴王
-,000527,美的电器
-,000522,白云山A
-,000515,攀渝钛业
-,000511,烯碳退
-,000508,琼民源A
-,000418,小天鹅A
-,000412,ST五环
-,000406,石油大明
-,000405,ST鑫光
5.99,000090,天健集团
-,000047,ST中侨
-,000033,新都退
-,000024,招商地产
-,000018,神城A退
-,000015,PT中浩A
-,000013,*ST石化A
8.58,000007,全新好
-,000003,PT金田A
195.43,603288,海天味业
50.45,600893,航发动力
21.9,300678,中科信息
17.1,002739,万达电影
16.54,600452,涪陵电力
13.79,600487,亨通光电
13.68,000762,西藏矿业
117.81,688561,奇安信-U
13.04,603789,星光农机
134.59,603737,三棵树
24.45,603825,华扬联众
36.26,603859,能科股份
36.1,002735,王子新材
12.0,000887,中鼎股份
11.57,600596,新安股份
11.23,600060,海信视像
9.62,000779,甘咨询
9.07,600234,ST山水
35.57,600426,华鲁恒升
8.21,300006,莱美药业
7.73,601997,贵阳银行
15.13,300682,朗新科技
218.7,002304,洋河股份
7.27,000837,*ST秦机
6.75,603980,吉华集团
60.06,000651,格力电器
52.3,600885,宏发股份
6.42,601006,大秦铁路
22.43,603578,三星新材
3.13,002314,南山控股
15.6,600048,保利地产
216.89,300454,深信服
18.33,600861,北京城乡
6.08,600740,山西焦化
6.08,600350,山东高速
3.04,600212,*ST江泉
6.08,002290,ST禾盛
9.11,603636,南威软件
6.04,002621,美吉姆
3.0,600170,上海建工
14.86,300068,南都电源
44.41,300492,华图山鼎
5.87,002839,张家港行
2.9,600358,*ST联合
5.79,002004,华邦健康
2.89,600190,锦州港
2.88,600256,广汇能源
4.01,300164,通源石油
3.9,601339,百隆东方
11.49,600475,华光环能
19.0,603585,苏利股份
3.72,600281,太化股份
3.58,601600,中国铝业
7.16,600152,维科技术
21.47,001914,招商积余
24.95,688093,世华科技
148.94,300776,帝尔激光
38.97,002230,科大讯飞
24.17,300151,昌红科技
30.67,002803,吉宏股份
64.31,300526,中潜股份
6.75,000993,闽东电力
16.8,603268,松发股份
23.31,600547,山东黄金
32.84,688022,瀚川智能
13.04,600647,同达创业
12.85,002883,中设股份
19.93,300719,安达维尔
29.05,605003,众望布艺
23.95,000915,山大华特
4.75,601169,北京银行
18.75,603060,国检集团
4.58,600011,华能国际
18.32,300348,长亮科技
4.44,601328,交通银行
8.86,600768,宁波富邦
8.82,603682,锦和商业
13.23,000831,五矿稀土
26.39,002595,豪迈科技
8.6,600886,国投电力
17.16,600176,中国巨石
12.53,002182,云海金属
8.24,603289,泰瑞机器
172.49,688050,爱博医疗
41.04,603712,七一二
16.16,603968,醋化股份
20.2,002930,宏川智慧
25.86,600406,国电南瑞
6.44,002340,格林美
6.17,600015,华夏银行
24.05,300456,赛微电子
5.98,002580,圣阳股份
11.81,002898,赛隆药业
11.75,002758,华通医药
5.84,600029,南方航空
23.3,600305,恒顺醋业
68.88,300628,亿联网络
11.41,603006,联明股份
22.24,603010,万盛股份
5.54,000983,山西焦煤
16.24,002324,普利特
5.32,601766,中国中车
5.32,600353,旭光电子
15.51,603768,常青股份
5.16,600610,ST毅达
10.25,300527,中船应急
5.07,601998,中信银行
2.86,601599,鹿港文化
2.86,600870,ST厦华
17.15,002402,和而泰
31.26,002153,石基信息
5.66,600908,无锡银行
2.76,600017,日照港
8.27,600662,强生控股
181.0,603345,安井食品
5.48,002483,润邦股份
18.98,600900,长江电力
5.42,300337,银邦股份
2.6,600033,福建高速
5.19,002334,英威腾
7.74,601007,金陵饭店
18.0,002931,锋龙股份
7.6,002203,海亮股份
17.63,002789,建艺集团
7.55,601778,晶科科技
10.05,000576,甘化科工
10.02,300093,金刚玻璃
10.0,002014,永新股份
4.98,000886,海南高速
37.25,601628,中国人寿
14.83,002860,星帅尔
4.91,601985,中国核电
2.45,601975,招商南油
24.43,605199,葫芦娃
9.67,002795,永和智控
26.53,300059,东方财富
19.21,600753,东方银星
286.78,002821,凯莱英
9.55,000096,广聚能源
71.12,688369,致远互联
4.65,600717,天津港
6.95,600177,雅戈尔
4.61,000510,新金路
11.52,600989,宝丰能源
43.7,603535,嘉诚国际
2.3,002210,*ST飞马
23.0,002080,中材科技
18.34,300424,航新科技
2.29,002629,ST仁智
2.28,000971,*ST高升
2.27,601518,吉林高速
85.62,688008,澜起科技
6.72,000544,中原环保
2.23,600280,*ST中商
8.88,600051,宁波联合
26.59,603136,天目湖
4.4,000852,石化机械
4.36,002506,协鑫集成
37.05,300442,普丽盛
8.69,600489,中金黄金
10.83,002128,露天煤业
73.08,688180,君实生物-U
49.02,002880,卫光生物
19.12,002338,奥普光电
4.24,601226,华电重工
8.32,002155,湖南黄金
16.49,002669,康达新材
26.57,688488,艾迪药业
4.04,002613,北玻股份
4.04,000409,ST地矿
10.04,600338,西藏珠峰
6.02,300089,文化长城
28.06,600030,中信证券
4.0,601916,浙商银行
1.99,002586,*ST围海
65.5,601995,中金公司
59.5,688123,聚辰股份
13.88,603966,法兰泰克
9.77,300023,宝德股份
11.65,002857,三晖电气
3.86,000720,新能泰山
15.33,300196,长海股份
7.6,000426,兴业矿业
7.55,000807,云铝股份
5.63,601117,中国化学
11.23,603089,正裕工业
59.28,002913,奥士康
11.08,002928,华夏航空
11.08,002458,益生股份
22.13,605222,起帆电缆
53.21,603661,恒林股份
9.05,603128,华贸物流
18.02,002372,伟星新材
1.78,002770,ST科迪
182.66,605168,三人行
7.06,601611,中国核建
12.24,603165,荣晟环保
24.41,002050,三花智控
5.23,000570,苏常柴Ａ
8.66,600392,盛和资源
11.97,002100,天康生物
6.8,002295,精艺股份
1.69,600725,ST云维
15.11,002718,友邦吊顶
5.03,000166,申万宏源
41.81,300788,中信出版
6.68,600615,丰华股份
4.97,601668,中国建筑
87.75,603806,福斯特
6.6,000617,中油资本
6.59,600461,洪城水业
3.27,600868,梅雁吉祥
9.81,002585,双星新材
34.11,300881,盛德鑫泰
1830.34,600519,贵州茅台
8.08,600151,航天机电
8.04,300040,九洲集团
8.04,002556,辉隆股份
7.95,000155,川能动力
6.26,600098,广州发展
21.8,300476,胜宏科技
31.05,300604,长川科技
6.17,601298,青岛港
6.14,000537,广宇发展
3.02,000533,顺钠股份
12.03,600071,凤凰光学
16.5,600918,中泰证券
7.43,300249,依米康
5.93,688009,中国通号
1.48,600221,海航控股
4.44,600025,华能水电
17.66,601688,华泰证券
4.41,601077,渝农商行
8.81,600548,深高速
5.86,603817,海峡环保
408.02,688185,康希诺-U
7.26,000065,北方国际
95.83,002568,百润股份
20.26,600835,上海机电
2.89,600512,腾达建设
8.65,600110,诺德股份
10.07,600674,川投能源
57.48,600196,复星医药
2.87,601996,丰林集团
31.56,002001,新 和 成
11.44,603698,航天工程
5.71,002687,乔治白
9.94,601512,中新集团
2.84,600008,首创股份
86.19,002352,顺丰控股
4.2,000543,皖能电力
27.89,002738,中矿资源
15.29,603607,京华激光
4.16,002347,泰尔股份
9.68,603800,道森股份
5.52,002688,金河生物
2.76,000711,京蓝科技
4.13,600310,桂东电力
1.36,600856,*ST中天
1.36,600225,*ST松江
6.8,002077,*ST大港
5.43,000059,华锦股份
5.42,601949,中国出版
12.18,603277,银都股份
4.06,002255,*ST海陆
13.5,600720,祁连山
5.37,600919,江苏银行
4.0,600626,申达股份
5.33,000750,国海证券
59.95,002409,雅克科技
2.66,000509,*ST华塑
26.59,002935,天奥电子
13.29,002755,奥赛康
11.93,300224,正海磁材
7.95,000089,深圳机场
33.11,002851,麦格米特
63.53,688039,当虹科技
3.97,000036,华联控股
7.92,600793,宜宾纸业
2.64,600106,重庆路桥
7.86,002843,泰嘉股份
13.02,603693,江苏新能
84.2,601318,中国平安
2.58,002354,*ST天娱
6.44,002769,普路通
2.56,600767,ST运盛
8.93,600409,三友化工
2.55,600275,ST昌鱼
64.69,603005,晶方科技
6.34,002016,世荣兆业
6.32,002658,雪迪龙
3.79,600601,方正科技
11.36,300306,远方信息
10.09,600064,南京高科
27.7,300825,阿尔特
18.79,688096,京源环保
11.25,002075,沙钢股份
8.71,600054,黄山旅游
6.22,603126,中材节能
14.88,300401,花园生物
8.66,600857,宁波中百
3.7,600719,大连热电
33.28,688057,金达莱
17.11,300144,宋城演艺
14.59,300354,东华测试
6.04,000541,佛山照明
4.83,000757,浩物股份
12.05,603081,大丰实业
10.84,600958,东方证券
6.01,000416,民生控股
5.99,300080,易成新能
4.79,000627,天茂集团
2.39,000506,中润资源
7.13,000657,中钨高新
4.75,002307,北新路桥
13.06,001979,招商蛇口
12.95,002082,万邦德
18.82,300206,理邦仪器
2.35,601991,大唐发电
4.7,600787,中储股份
43.42,600990,四创电子
7.0,300234,开尔新材
2.33,600322,天房发展
6.99,002319,*ST乐通
3.49,600611,大众交通
8.14,600356,恒丰纸业
5.81,002164,宁波东力
10.44,600875,东方电气
5.78,601886,江河集团
27.56,000923,河钢资源
4.59,600526,菲达环保
13.61,601677,明泰铝业
7.93,002631,德尔未来
2.26,000707,ST双环
6.76,002193,如意集团
24.74,688599,天合光能
5.61,600405,动力源
21.3,600258,首旅酒店
26.8,002444,巨星科技
2.23,601333,广深铁路
5.57,601727,上海电气
6.63,002412,汉森制药
21.92,603298,杭叉集团
2.19,600462,*ST九有
5.45,600590,泰豪科技
13.08,002579,中京电子
15.23,002234,民和股份
9.78,600330,天通股份
26.06,002845,同兴达
71.34,300529,健帆生物
5.4,000425,徐工机械
19.43,002497,雅化集团
36.66,601877,正泰电器
9.7,600203,福日电子
21.55,603970,中农立华
4.31,002183,怡 亚 通
8.62,000975,银泰黄金
3.22,600665,天地源
4.29,002442,龙星化工
27.74,300705,九典制药
33.06,603985,恒润股份
3.19,002482,广田集团
3.17,601616,广电电气
31.6,600521,华海药业
3.16,000761,本钢板材
5.26,601368,绿城水务
1.05,000820,*ST节能
5.23,300510,金冠股份
214.0,000568,泸州老窖
9.39,600546,山煤国际
42.73,300373,扬杰科技
6.25,002650,ST加加
3.12,600241,*ST时万
14.55,603601,再升科技
6.23,600083,*ST博信
5.18,601158,重庆水务
58.78,300073,当升科技
8.24,603861,白云电器
3.09,000631,顺发恒业
2.04,002426,*ST胜利
6.11,600463,空港股份
3.85,002599,盛通股份
15.39,000338,潍柴动力
6.13,002033,丽江股份
8.57,600624,复旦复华
3.34,600269,赣粤高速
15.52,603656,泰禾智能
12.21,603726,朗迪集团
4.07,002087,新野纺织
9.12,600223,鲁商发展
4.04,000637,茂化实华
12.08,601137,博威合金
163.04,300677,英科医疗
23.12,002733,雄韬股份
8.02,601377,兴业证券
13.03,605299,舒华体育
12.0,600062,华润双鹤
7.98,600802,福建水泥
3.99,002682,龙洲股份
5.97,002092,中泰化学
5.96,600538,国发股份
5.94,600096,云天化
5.93,002527,新时达
5.91,600898,*ST美讯
3.94,600163,中闽能源
2.95,601992,金隅集团
5.89,002469,三维工程
3.91,600117,西宁特钢
77.21,603755,日辰股份
13.68,002552,宝鼎科技
2.93,600219,南山铝业
22.45,000048,京基智农
3.9,601818,光大银行
15.55,603898,好莱客
5.83,600101,明星电力
5.78,000619,海螺型材
9.62,000828,东莞控股
57.69,601336,新华保险
20.15,002881,美格智能
52.7,603026,石大胜华
4.76,600478,科力远
17.1,601211,国泰君安
1.9,600162,香江控股
2.85,600035,楚天高速
18.98,002422,科伦药业
40.78,600584,长电科技
7.58,601222,林洋能源
15.13,001872,招商港口
3.78,000667,美好置业
4.72,603323,苏农银行
5.65,600814,杭州解百
15.99,300657,弘信电子
13.15,002237,恒邦股份
13.13,600449,宁夏建材
50.59,600754,锦江酒店
4.68,603227,雪峰科技
11.2,603108,润达医疗
3.72,601099,太平洋
61.33,300226,上海钢联
6.5,600068,葛洲坝
275.32,000858,五 粮 液
16.68,600562,国睿科技
8.31,000728,国元证券
28.53,605336,帅丰电器
4.6,600497,驰宏锌锗
2.76,003816,中国广核
3.67,600279,重庆港九
6.42,002446,盛路通信
54.1,603983,丸美股份
4.58,000060,中金岭南
17.39,600998,九州通
5.49,600649,城投控股
2.73,601618,中国中冶
2.73,600227,圣济堂
2.73,002306,ST云网
14.54,600580,卧龙电驱
16.34,000023,深天地Ａ
6.35,601319,中国人保
6.35,002453,华软科技
11.79,601028,玉龙股份
14.49,603032,德新交运
14.45,002380,科远智慧
3.61,600807,济南高新
42.3,002623,亚玛顿
3.6,000563,陕国投Ａ
32.36,688003,天准科技
7.19,600021,上海电力
11.61,600088,中视传媒
3.57,000825,太钢不锈
8.9,601811,新华文轩
33.82,601155,新城控股
2.67,002692,ST远程
79.98,603976,正川股份
7.1,002226,江南化工
5.32,000682,东方电子
2.66,000068,华控赛格
25.6,002859,洁美科技
5.29,601390,中国中铁
21.15,002892,科力尔
5.27,600126,杭钢股份
3.49,600545,卓郎智能
5.23,000652,泰达股份
6.09,600843,上工申贝
4.35,600433,冠豪高新
3.48,002578,闽发铝业
23.47,688299,长阳科技
6.07,603616,韩建河山
1.73,600654,ST中安
70.79,300811,铂科新材
6.87,601369,陕鼓动力
15.44,000776,广发证券
6.86,600516,方大炭素
11.14,601566,九牧王
6.84,600969,郴电国际
4.27,002550,千红制药
14.5,000039,中集集团
3.4,000755,山西路桥
7.64,000785,居然之家
11.03,002749,国光股份
2.54,600863,内蒙华电
13.54,603967,中创物流
10.99,600557,康缘药业
5.07,002333,ST罗普
4.22,002266,浙富控股
9.27,002673,西部证券
6.72,000726,鲁  泰Ａ
11.74,603609,禾丰牧业
2.51,000005,世纪星源
9.2,002672,东江环保
3.34,600027,华电国际
203.17,603195,公牛集团
4.16,600705,中航资本
13.28,002518,科士达
9.96,002367,康力电梯
4.95,000862,银星能源
4.95,000859,国风塑业
45.3,300463,迈克生物
2.47,600159,大龙地产
21.4,300331,苏大维格
69.04,688139,海尔生物
4.93,600192,长城电工
38.51,300483,沃施股份
4.91,600579,克劳斯
2.45,600698,ST天雁
41.49,603378,亚士创能
4.87,000498,山东路桥
12.14,600271,航天信息
2.42,000415,渤海租赁
23.33,603192,汇得科技
2.41,002523,天桥起重
5.62,601816,京沪高铁
12.8,300322,硕贝德
5.58,600644,乐山电力
7.16,002057,中钢天源
2.38,000981,*ST银亿
37.28,603353,和顺石油
2.37,600968,海油发展
3.16,002431,棕榈股份
4.74,000633,合金投资
21.31,000876,新 希 望
157.77,688012,中微公司
3.94,000410,*ST沈机
3.15,600282,南钢股份
1.57,002280,*ST联络
18.04,600329,中新药业
26.66,002906,华阳集团
9.4,600343,航天动力
2.35,600187,国中水务
2.35,002496,*ST辉丰
13.3,600061,国投资本
32.85,300316,晶盛机电
39.88,300715,凯伦股份
12.5,603225,新凤鸣
11.7,601881,中国银河
7.02,600238,ST椰岛
5.46,600215,*ST经开
6.24,300255,常山药业
3.12,000040,东旭蓝天
23.38,300731,科创新源
10.9,002465,海格通信
10.12,000688,国城矿业
39.69,300723,一品红
6.99,600879,航天电子
6.19,000088,盐 田 港
3.09,000797,中国武夷
24.69,000547,航天发展
10.02,600283,钱江水利
1.54,600777,新潮能源
6.93,600058,五矿发展
5.38,600769,祥龙电业
5.38,002145,中核钛白
15.37,002127,南极电商
12.25,601198,东兴证券
74.06,603816,顾家家居
3.81,601669,中国电建
22.85,300635,中达安
7.6,002561,徐家汇
12.89,300605,恒锋信息
12.88,002144,宏达高科
40.15,603283,赛腾股份
3.03,002133,广宇集团
9.84,002282,博深股份
4.54,000978,桂林旅游
37.75,000423,东阿阿胶
8.3,000996,中国中期
52.8,300576,容大感光
2.26,000972,ST中基
18.06,002463,沪电股份
33.11,000768,中航西飞
16.53,600897,厦门空港
12.77,002868,绿康生化
3.75,000822,山东海化
116.2,300759,康龙化成
2.99,601113,ST华鼎
5.98,000801,四川九洲
6.72,600507,方大特钢
6.72,600229,城市传媒
3.73,000514,渝 开 发
4.47,600490,鹏欣资源
13.37,600352,浙江龙盛
26.7,603232,格尔软件
4.45,600050,中国联通
14.77,000877,天山股份
42.09,002876,三利谱
11.06,601595,上海电影
8.1,600846,同济科技
13.91,600648,外高桥
3.66,600724,宁波富达
3.66,000778,新兴铸管
4.39,603778,乾景园林
16.82,688098,申联生物
44.53,600612,老凤祥
5.1,601375,中原证券
4.36,600704,物产中大
70.48,688122,西部超导
18.89,601607,上海医药
37.74,603027,千禾味业
7.95,000553,安道麦A
14.43,603041,美思德
6.49,000402,金 融 街
64.02,603883,老百姓
28.68,688010,福光股份
5.0,600369,西南证券
8.56,600749,西藏旅游
29.93,300656,民德电子
49.87,002968,新大正
9.26,002191,劲嘉股份
13.53,002614,奥佳华
3.56,600780,通宝能源
7.83,000783,长江证券
8.53,600655,豫园股份
10.65,600522,中天科技
8.52,002302,西部建设
3.55,000780,*ST平能
24.75,003006,百亚股份
1.41,600022,山东钢铁
42.95,688199,久日新材
21.12,002028,思源电气
9.85,002553,南方轴承
4.22,603023,威帝股份
2.81,002502,*ST鼎龙
14.73,000050,深天马Ａ
6.31,600738,兰州民百
7.0,601128,常熟银行
1.4,002113,*ST天润
9.09,002376,新北洋
21.65,600389,江山股份
4.19,000900,现代投资
16.05,300766,每日互动
7.67,603797,联泰环保
13.23,300451,创业慧康
105.12,002841,视源股份
12.49,603617,君禾股份
29.78,688081,兴图新科
15.23,600827,百联股份
15.23,600371,万向德农
49.14,300886,华业香料
6.92,600692,亚通股份
11.05,000037,深南电A
5.52,600531,豫光金铅
6.21,600366,宁波韵升
2.76,000890,*ST胜尔
15.15,603586,金麒麟
9.62,603869,新智认知
6.18,600398,海澜之家
7.55,002808,恒久科技
8.9,600650,锦江投资
4.79,600836,*ST界龙
10.26,002036,联创电子
1.36,603077,和邦生物
6.12,600620,天宸股份
15.63,002832,比音勒芬
5.43,600820,隧道股份
4.75,000598,兴蓉环境
7.46,002500,山西证券
2.71,601188,龙江交通
5.42,600901,江苏租赁
8.13,600116,三峡水利
11.51,002670,国盛金控
17.6,600732,爱旭股份
11.5,603819,神力股份
1.35,600145,*ST新亿
5.4,002588,史丹利
8.07,002139,拓邦股份
22.16,300663,科蓝软件
47.65,600456,宝钛股份
5.36,600250,南纺股份
13.38,601138,工业富联
347.0,688200,华峰测控
8.66,000503,国新健康
3.99,600960,渤海汽车
22.6,603938,三孚股份
9.97,002346,柘中股份
13.94,600668,尖峰集团
14.58,605318,法狮龙
2.65,600808,马钢股份
16.55,300113,顺网科技
9.26,002534,杭锅股份
20.49,002675,东诚药业
12.55,300393,中来股份
54.15,000526,紫光学大
5.94,600019,宝钢股份
14.52,002856,美芝股份
18.46,002407,多氟多
7.91,002276,万马股份
10.52,603676,卫信康
40.09,601066,中信建投
23.63,600391,航发科技
22.3,603599,广信股份
46.54,600298,安琪酵母
30.15,300433,蓝思科技
5.88,000925,众合科技
18.28,300464,星徽股份
5.22,600710,苏美达
35.8,002192,*ST融捷
12.35,603808,歌力思
13.0,600867,通化东宝
5.2,600757,长江传媒
31.2,300568,星源材质
3.25,002109,兴化股份
5.84,600012,皖通高速
38.9,002960,青鸟消防
3.89,002420,ST毅昌
256.05,688016,心脉医疗
27.17,688418,震有科技
7.11,002451,摩恩电气
3.23,600020,中原高速
7.1,002093,国脉科技
3.86,601199,江南水务
1.93,600103,青山纸业
39.88,603319,湘油泵
16.68,600262,北方股份
14.11,300041,回天新材
8.31,603321,梅轮电梯
8.93,002035,华帝股份
15.94,300560,中富通
7.01,600326,西藏天路
4.46,600782,新钢股份
4.46,002069,獐子岛
22.28,300416,苏试试验
24.14,603214,爱婴室
6.98,600520,文一科技
15.86,002677,浙江美大
1.9,000420,吉林化纤
33.52,002353,杰瑞股份
12.62,600639,浦东金桥
3.15,000898,鞍钢股份
2.52,000413,东旭光电
4.4,600713,南京医药
106.7,002916,深南电路
20.69,600801,华新水泥
8.77,300078,思创医惠
3.13,600400,红豆股份
19.38,603279,景津环保
1.25,600666,ST瑞德
5.0,600351,亚宝药业
2.5,600231,凌钢股份
13.75,002222,福晶科技
109.78,603882,金域医学
11.22,300121,阳谷华泰
4.35,000055,方大集团
22.98,002984,森麒麟
6.83,000819,岳阳兴长
33.51,002819,东方中科
2.48,002495,佳隆股份
9.92,002449,国星光电
3.72,002011,盾安环境
4.95,000926,福星股份
3.71,600067,冠城大通
6.79,600510,黑牡丹
3.7,601399,ST国重装
5.55,600075,新疆天业
1.85,002086,*ST东洋
27.1,603995,甬金股份
9.84,000948,南天信息
11.06,603890,春秋电子
37.44,000403,双林生物
6.73,000723,美锦能源
13.42,600697,欧亚集团
4.87,600866,星湖科技
4.26,600973,宝胜股份
25.54,300012,华测检测
12.16,601168,西部矿业
2.43,000727,*ST东科
13.35,000534,万泽股份
6.66,000069,华侨城Ａ
2.42,601000,唐山港
6.65,002697,红旗连锁
4.23,600210,紫江企业
19.92,300481,濮阳惠成
1.81,600652,ST游久
9.65,600089,特变电工
8.44,601828,美凯龙
4.22,002103,广博股份
6.63,002140,东华科技
3.01,601718,际华集团
33.1,601966,玲珑轮胎
6.62,300056,中创环保
7.8,601702,华峰铝业
1.2,600734,*ST实达
3.6,600023,浙能电力
1.8,002219,*ST恒康
4.19,603169,兰石重装
3.59,000046,泛海控股
5.98,600120,浙江东方
26.85,603700,宁水集团
44.71,300912,凯龙高科
13.1,300371,汇中股份
7.14,002644,佛慈制药
5.35,600291,西水股份
4.16,002671,龙泉股份
96.17,600745,闻泰科技
1.78,600653,申华控股
3.56,600386,北巴传媒
4.74,600289,*ST信通
4.13,600179,*ST安通
8.26,600153,建发股份
2.95,600082,海泰发展
9.41,601311,骆驼股份
2.94,601010,文峰股份
9.99,603839,安正时尚
61.1,603719,良品铺子
10.57,000960,锡业股份
998.0,688169,石头科技
5.28,600642,申能股份
5.28,000976,华铁股份
14.06,603823,百合花
6.44,600992,贵绳股份
13.46,603050,科林电气
2.34,002504,弘高创意
10.52,300218,安利股份
30.92,300680,隆盛科技
50.75,300394,天孚通信
14.0,000401,冀东水泥
4.08,600608,ST沪科
8.16,300382,斯莱克
14.57,300692,中环环保
4.66,600149,ST坊展
67.55,688595,芯海科技
5.82,600232,金鹰股份
1.74,600091,ST明科
4.06,002546,新联电子
3.48,002121,*ST科陆
129.9,300676,华大基因
49.28,603180,金牌厨柜
19.12,000032,深桑达Ａ
3.47,002341,新纶科技
3.46,601068,中铝国际
14.98,000997,新 大 陆
8.64,600278,东方创业
21.88,688100,威胜信息
5.18,002061,浙江交科
12.08,603045,福达合金
9.18,000686,东北证券
68.24,300413,芒果超媒
2.29,002374,丽鹏股份
7.44,000546,金圆股份
3.43,600982,宁波热电
4.0,000607,华媒控股
183.8,002985,北摩高科
15.97,300326,凯利泰
33.07,300298,三诺生物
11.4,603928,兴业股份
11.4,002746,仙坛股份
83.13,300908,仲景食品
45.55,000895,双汇发展
9.11,000590,启迪药业
5.69,600623,华谊集团
11.91,002293,罗莱生活
5.1,600266,城建发展
10.2,002009,天奇股份
3.4,000751,锌业股份
90.6,601012,隆基股份
5.66,300158,振东制药
3.39,603766,隆鑫通用
2.82,002622,融钰集团
5.63,000605,渤海股份
9.57,000070,特发信息
3.94,600683,京投发展
2.25,000709,河钢股份
14.05,002456,欧菲光
2.81,000861,海印股份
25.85,600703,三安光电
97.2,002709,天赐材料
19.08,601456,国联证券
15.71,603115,海星股份
7.85,600829,人民同泰
6.16,603055,台华新材
2.24,600569,安阳钢铁
13.99,300409,道氏技术
21.25,603739,蔚蓝生物
21.8,603530,神马电力
3.91,600963,岳阳林纸
2.79,000836,富通鑫茂
2.23,601588,北辰实业
7.8,300364,中文在线
5.01,600500,中化国际
1.67,600311,*ST荣华
23.92,600104,上汽集团
2.78,600892,*ST大晟
2.78,002630,华西能源
26.13,002384,东山精密
34.42,300761,立华股份
15.54,300517,海波重科
4.44,002073,软控股份
33.28,300655,晶瑞股份
16.06,300453,三鑫医疗
6.09,000525,红 太 阳
43.18,688233,神工股份
13.83,002945,华林证券
5.53,002355,兴民智通
19.35,603199,九华旅游
13.81,600761,安徽合力
6.07,002520,日发精机
11.03,000026,飞亚达
11.02,603100,川仪股份
14.32,000902,新洋丰
9.35,600834,申通地铁
1.65,600307,酒钢宏兴
8.77,000042,中洲控股
2.74,600565,迪马股份
2.74,000517,荣安地产
15.32,600817,ST宏盛
6.56,000671,阳 光 城
30.61,300802,矩子科技
18.02,300707,威唐工业
87.31,300702,天宇股份
5.34,600200,江苏吴中
7.99,000893,亚钾国际
13.82,002745,木林森
24.96,000999,华润三九
10.09,002119,康强电子
32.35,603019,中科曙光
56.2,603369,今世缘
6.35,000906,浙商中拓
35.43,300768,迪普科技
12.69,603309,维力医疗
21.14,600201,生物股份
51.25,300308,中际旭创
3.17,600577,精达股份
3.17,600077,宋都股份
3.17,000520,长航凤凰
3.69,600828,茂业商业
30.03,603515,欧普照明
3.16,601107,四川成渝
7.9,600995,文山电力
33.18,003004,声迅股份
9.82,002394,联发股份
420.01,603444,吉比特
2.18,600795,国电电力
2.18,000683,远兴能源
19.61,600362,江西铜业
3.81,000883,湖北能源
25.58,688118,普元信息
5.44,002167,东方锆业
5.97,600678,四川金顶
10.84,603685,晨丰科技
15.7,603359,东珠生态
48.11,300617,安靠智电
1.08,600122,*ST宏图
9.72,300351,永贵电器
33.38,002727,一心堂
32.83,688126,沪硅产业-U
7.53,000030,富奥股份
92.21,603039,泛微网络
13.9,300257,开山股份
6.41,000969,安泰科技
21.68,000738,航发控制
10.32,002823,凯中精密
7.74,000909,数源科技
11.34,002322,理工环科
9.79,603577,汇金通
44.25,300285,国瓷材料
18.0,603895,天永智能
5.14,601678,滨化股份
103.73,603338,浙江鼎力
3.08,600881,亚泰集团
3.08,600684,珠江实业
3.08,600208,新湖中宝
5.64,600770,综艺股份
18.97,300119,瑞普生物
19.97,603181,皇马科技
3.07,600252,中恒集团
12.78,002908,德生科技
26.57,603217,元利科技
6.64,002135,东南网架
7.66,300070,碧水源
43.67,688568,中科星图
22.07,002777,久远银海
5.25,002573,清新环境
4.72,600736,苏州高新
3.67,600477,杭萧钢构
16.24,603987,康德莱
6.28,600325,华发股份
8.36,300131,英唐智控
47.98,688215,瑞晟智能
17.72,300036,超图软件
97.92,600600,青岛啤酒
43.2,300651,金陵体育
155.02,688256,寒武纪-U
26.52,601869,长飞光纤
8.82,600528,中铁工业
10.37,300391,康跃科技
3.11,600533,栖霞建设
7.24,300099,精准信息
10.85,603598,引力传媒
13.43,601069,西部黄金
11.23,603339,四方科技
13.78,601952,苏垦农发
30.1,600259,广晟有色
7.14,603001,奥康国际
48.91,603076,乐惠国际
12.21,002159,三特索道
20.85,002258,利尔化学
3.05,600981,汇鸿集团
4.06,002433,太安堂
3.04,600558,大西洋
5.06,000159,国际实业
35.4,603155,新亚强
30.84,300781,因赛集团
13.65,600980,北矿科技
4.04,600657,信达地产
20.19,300220,金运激光
57.0,300642,透景生命
40.84,688025,杰普特
13.61,002922,伊戈尔
6.04,000759,中百集团
31.17,000063,中兴通讯
5.53,603007,花王股份
13.06,300691,联合光电
15.06,300009,安科生物
10.51,002848,高斯贝尔
3.5,600880,博瑞传播
3.5,600675,中华企业
3.0,600567,山鹰国际
5.0,600385,ST金泰
50.0,300861,美畅股份
9.99,600421,ST华嵘
9.99,002909,集泰股份
7.98,603328,依顿电子
3.99,600721,ST百花
12.46,600640,号百控股
4.98,002618,丹邦科技
17.92,300031,宝通科技
27.85,600729,重庆百货
17.89,600372,中航电子
5.96,600376,首开股份
5.96,300172,中电环保
4.47,002198,嘉应制药
23.31,600460,士兰微
14.38,600056,中国医药
14.38,300542,新晨科技
6.94,000826,启迪环境
9.91,600737,中粮糖业
1.98,601929,吉视传媒
6.93,000612,焦作万方
11.86,603856,东宏股份
11.36,002926,华西证券
15.3,002023,海特高新
12.33,600195,中牧股份
5.42,002165,红 宝 丽
8.86,002750,龙津药业
6.89,002678,珠江钢琴
6.88,600727,鲁北化工
27.99,000913,钱江摩托
143.23,300724,捷佳伟创
21.57,688569,铁科轨道
38.23,300142,沃森生物
1.47,601005,重庆钢铁
3.92,000548,湖南投资
12.23,603683,晶华新材
8.31,601901,方正证券
3.91,000912,泸天化
18.05,300550,和仁科技
8.78,600388,龙净环保
4.39,002249,大洋电机
3.9,601789,宁波建工
67.71,688208,道通科技
8.76,300053,欧比特
11.17,002387,维信诺
31.06,002768,国恩股份
16.96,300171,东富龙
5.33,002521,齐峰新材
24.71,600699,均胜电子
13.08,603600,永艺股份
42.1,002833,弘亚数控
36.29,603590,康辰药业
16.9,002558,巨人网络
183.0,002594,比亚迪
15.93,603663,三祥新材
26.55,300525,博思软件
9.17,601555,东吴证券
7.72,600628,新世界
13.5,603519,立霸股份
4.82,600572,康恩贝
4.82,000417,合肥百货
20.24,600566,济川药业
7.71,600114,东睦股份
7.71,002632,道明光学
6.74,002390,信邦制药
7.22,002539,云图控股
6.73,002699,美盛文化
51.81,002970,锐明技术
14.85,600661,昂立教育
11.49,603356,华菱精工
4.78,601118,海南橡胶
6.69,601567,三星医疗
4.3,002072,ST凯瑞
4.77,600603,广汇物流
9.54,300252,金信诺
13.83,600206,有研新材
2.86,600186,莲花健康
58.61,002925,盈趣科技
7.14,002391,长青股份
35.65,300885,海昌新材
8.08,603088,宁波精达
17.1,601236,红塔证券
5.7,601162,天风证券
2.85,002379,宏创控股
6.65,002110,三钢闽光
6.65,002104,恒宝股份
6.65,000829,天音控股
2.85,000753,漳州发展
10.92,002783,凯龙股份
2.37,000897,津滨发展
4.74,000678,襄阳轴承
1.42,603157,*ST拉夏
7.98,601177,杭齿前进
3.75,000663,*ST永林
32.31,603305,旭升股份
6.08,603998,方盛制药
3.74,000539,粤电力Ａ
12.62,300536,农尚环境
13.04,002058,威 尔 泰
4.19,601598,中国外运
14.88,002785,万里石
12.08,002939,长城证券
2.32,000839,中信国安
3.71,600502,安徽建工
16.69,603000,人民网
87.57,603666,亿嘉和
18.07,300570,太辰光
11.11,603567,珍宝岛
3.24,300197,铁汉生态
3.7,000010,美丽生态
11.56,000532,华金资本
4.61,000863,三湘印象
2.84,600839,四川长虹
6.15,000788,北大医药
23.18,603688,石英股份
4.73,601801,皖新传媒
8.98,300277,海联讯
102.56,603208,江山欧派
10.87,603266,天龙股份
11.81,603979,金诚信
3.3,600959,江苏有线
7.07,600619,海立股份
3.77,600108,亚盛集团
3.77,002094,青岛金王
30.61,603516,淳中科技
39.08,300906,日月明
15.06,603922,金鸿顺
25.41,300753,爱朋医疗
18.81,300054,鼎龙股份
4.23,600354,*ST敦种
2.82,000679,*ST友谊
37.11,003008,开普检测
12.9,000796,凯撒旅业
15.2,603727,博迈科
2.3,600726,华电能源
5.06,600493,凤竹纺织
3.68,000622,恒立实业
124.55,603713,密尔克卫
85.44,688037,芯源微
4.13,600860,*ST京城
4.13,600202,哈空调
11.01,603477,巨星农牧
37.15,688028,沃尔德
19.72,603639,海利尔
22.46,603059,倍加洁
9.15,601519,大智慧
16.47,002715,登云股份
3.2,000718,苏宁环球
20.56,300688,创业黑马
17.8,603587,地素时尚
4.56,002872,ST天圣
9.12,002440,闰土股份
12.31,002726,龙大肉食
67.8,300726,宏达电子
16.83,603978,深圳新星
9.55,601020,华钰矿业
10.0,600742,一汽富维
15.0,002988,豪美新材
16.36,002824,和胜股份
190.6,688788,科思科技
9.98,300437,清水源
16.78,002866,传艺科技
14.04,300042,朗科科技
9.51,603798,康普顿
125.43,000799,酒鬼酒
9.96,000582,北部湾港
26.67,002706,良信股份
7.22,600775,南京熊猫
9.02,002882,金龙羽
7.21,002053,云南能投
10.81,002088,鲁阳节能
13.96,600131,国网信通
5.4,600594,益佰制药
25.65,002648,卫星石化
4.5,002059,云南旅游
3.15,000540,中天金融
38.2,601865,福莱特
13.93,603612,索通发展
4.04,300027,华谊兄弟
7.63,603878,武进不锈
26.02,688566,吉贝尔
13.88,601878,浙商证券
7.61,002403,爱仕达
16.55,300592,华凯创意
20.57,300756,中山金马
14.28,002817,黄山胶囊
8.03,000014,沙河股份
3.12,600582,天地科技
4.01,002303,美盈森
8.91,600359,新农开发
8.9,300440,运达科技
11.56,601990,南京证券
5.78,002215,诺 普 信
14.67,600158,中体产业
4.89,000758,中色股份
311.0,300750,宁德时代
10.65,601200,上海环境
7.1,002877,智能自控
7.53,603003,龙宇燃油
16.38,300383,光环新网
19.0,600053,九鼎投资
18.09,600345,长江通信
16.76,603139,康惠制药
6.17,002787,华源控股
26.0,002299,圣农发展
11.0,603803,瑞斯康达
3.52,600063,皖维高新
7.91,000151,中成股份
7.47,002327,富安娜
7.9,603558,健盛集团
10.52,002020,京新药业
3.94,603969,银龙股份
22.32,603566,普莱柯
10.06,002674,兴业科技
24.88,300839,博汇股份
2.18,002195,二三四五
5.23,002627,宜昌交运
4.79,600825,新华传媒
7.4,600551,时代出版
4.35,600561,江西长运
2.17,000629,攀钢钒钛
9.54,600444,国机通用
6.07,300133,华策影视
42.47,300659,中孚信息
3.9,002217,合力泰
6.49,603067,振华股份
6.91,002101,广东鸿图
3.02,000056,皇庭国际
9.49,600667,太极实业
76.33,300842,帝科股份
14.66,002757,南兴股份
22.85,002393,力生制药
5.6,002378,章源钨业
23.26,002250,联化科技
13.77,300467,迅游科技
8.6,300231,银信科技
3.01,300152,科融环境
12.02,300358,楚天科技
3.0,002542,中化岩土
2.57,600853,龙建股份
4.71,300332,天壕环境
8.99,300248,新开普
5.13,600488,天药股份
4.7,000715,中兴商业
17.09,002837,英维克
5.98,600284,浦东建设
5.55,600987,航民股份
5.12,000950,重药控股
2.56,000008,神州高铁
19.19,000998,隆平高科
22.16,600498,烽火通信
9.8,605188,国光连锁
8.09,000685,中山公用
318.61,600809,山西汾酒
7.23,002084,海鸥住工
38.7,605338,巴比食品
9.78,002365,永安药业
5.95,600517,国网英大
34.84,603078,江化微
59.45,300905,宝丽迪
17.39,300127,银河磁体
2.12,600743,华远地产
27.98,300817,双飞股份
32.64,603533,掌阅科技
13.98,603955,大千生态
4.66,002392,北京利尔
3.81,002717,岭南股份
6.35,002641,永高股份
40.2,300620,光库科技
27.03,300823,建科机械
7.17,600618,氯碱化工
5.06,600735,新华锦
5.06,600550,保变电气
8.01,000666,经纬纺机
8.0,603668,天马科技
9.66,600847,万里股份
4.62,600466,蓝光发展
1.68,600226,*ST瀚叶
10.08,002038,双鹭药业
29.81,688559,海目星
12.17,000800,一汽解放
95.68,300223,北京君正
7.55,300334,津膜科技
7.13,600272,开开实业
12.16,605366,宏柏新材
10.48,300219,鸿利智汇
54.01,688981,中芯国际-U
12.97,000985,大庆华科
163.99,688368,晶丰明源
7.11,600858,银座股份
7.92,600894,广日股份
9.17,603357,设计总院
6.66,002330,得利斯
7.49,600643,爱建集团
6.24,300426,唐德影视
3.74,002513,*ST蓝丰
57.32,600038,中直股份
19.92,000938,紫光股份
10.76,002793,罗欣药业
3.31,002464,众应互联
5.36,600080,ST金花
16.08,002915,中欣氟材
9.07,300092,科新机电
11.95,002927,泰永长征
13.18,603365,水星家纺
13.58,600679,上海凤凰
11.52,603926,铁流股份
11.92,300268,佳沃股份
4.93,600509,天富能源
13.55,300486,东杰智能
22.15,300521,爱司凯
10.25,600288,大恒科技
7.37,002724,海洋王
6.55,600755,厦门国贸
37.25,600315,上海家化
4.5,000903,云内动力
55.63,603866,桃李面包
9.4,600213,亚星客车
33.5,603596,伯特利
19.6,600848,上海临港
4.9,600469,风神股份
10.19,603331,百达精工
8.15,002543,万和电气
6.52,002037,保利联合
4.48,000833,粤桂股份
52.9,300835,龙磁科技
6.51,002146,荣盛发展
22.75,000581,威孚高科
5.28,002559,亚威股份
17.05,601788,光大证券
3.65,600448,华纺股份
14.6,300069,金利华电
16.21,603716,塞力医疗
9.32,300016,北陆药业
6.07,002583,海能达
9.3,002797,第一创业
6.06,002339,积成电子
13.73,603458,勘设股份
21.8,002335,科华恒盛
6.86,002731,萃华珠宝
2.42,002526,山东矿机
16.93,002962,五方光电
13.7,603113,金能科技
3.22,600979,广安爱众
3.62,600425,青松建化
30.16,603383,顶点软件
12.06,600007,中国国贸
9.64,600420,现代制药
38.55,300757,罗博特科
9.63,601098,中南传媒
10.43,002679,福建金森
6.41,600301,ST南化
18.01,600884,杉杉股份
17.2,688101,三达膜
132.0,688036,传音控股
10.8,600750,江中药业
9.6,002385,大北农
6.4,002278,神开股份
4.4,000953,*ST河化
23.58,603610,麒盛科技
6.78,002743,富煌钢构
2.39,000571,*ST大洲
22.7,300687,赛意信息
6.77,000719,中原传媒
1.99,002305,南国置业
35.41,688288,鸿泉物联
3.58,002118,紫鑫药业
19.88,600455,博通股份
14.71,603551,奥普家居
24.6,002216,三全食品
23.8,300522,世名科技
124.55,300725,药石科技
5.15,002369,卓翼科技
23.35,300396,迪瑞医疗
14.63,002664,长鹰信质
20.56,300745,欣锐科技
5.93,601958,金钼股份
25.29,000977,浪潮信息
6.71,000656,金科股份
6.71,000100,TCL科技
25.65,300212,易华录
4.34,002478,常宝股份
28.8,603197,保隆科技
55.97,300695,兆丰股份
3.15,000782,美达股份
6.69,000736,中交地产
16.92,002923,润都股份
5.11,600673,东阳光
2.75,000573,粤宏远Ａ
9.42,300749,顶固集创
1.57,002076,*ST雪莱
11.38,002722,金轮股份
31.0,600079,人福医药
3.53,600576,祥源文化
8.62,603278,大业股份
9.01,601858,中国科传
14.1,002462,嘉事堂
36.03,300681,英搏尔
10.18,601609,金田铜业
58.68,688168,安博通
82.88,300919,C中伟
4.3,600730,中国高科
6.25,002150,通润装备
12.89,601686,友发集团
8.98,002136,安 纳 达
32.37,688519,南亚新材
14.82,600587,新华医疗
4.68,002547,春兴精工
28.79,603920,世运电路
168.83,688408,中信博
1.94,002031,巨轮智能
9.31,300081,恒信东方
3.49,600581,八一钢铁
7.75,603879,永悦科技
21.7,300684,中石科技
7.75,000968,蓝焰控股
9.3,000020,深华发Ａ
16.27,000623,吉林敖东
28.66,603203,快克股份
7.35,600909,华安证券
3.48,600368,五洲交通
41.72,300346,南大光电
3.09,600467,好当家
8.88,300204,舒泰神
3.86,002377,国创高新
6.56,002551,尚荣医疗
4.63,000565,渝三峡Ａ
5.4,000795,英洛华
16.97,600143,金发科技
8.85,600230,沧州大化
40.0,688526,科前生物
4.23,601086,国芳集团
16.92,600597,光明乳业
9.98,603863,松炀资源
4.99,300022,吉峰科技
14.2,600171,上海贝岭
9.21,600789,鲁抗医药
5.37,600658,电子城
9.2,300082,奥克股份
42.91,300672,国科微
164.5,603605,珀莱雅
3.06,600370,三房巷
3.06,002437,誉衡药业
101.7,300558,贝达药业
40.51,600887,伊利股份
37.07,300748,金力永磁
5.73,601515,东风股份
4.2,002181,粤 传 媒
29.0,600332,白云山
62.95,600872,中炬高新
2.67,600527,江南高纤
3.81,603843,正平股份
3.81,000959,首钢股份
4.95,000731,四川美丰
5.71,002790,瑞尔特
8.74,600637,东方明珠
20.9,300737,科顺股份
7.2,002265,西仪股份
6.06,002598,山东章鼓
11.36,600097,开创国际
17.04,002022,科华生物
6.43,000639,西王食品
8.32,601827,三峰环境
6.8,600505,西昌电力
20.02,300612,宣亚国际
32.47,601633,长城汽车
4.53,002244,滨江集团
47.83,603096,新经典
15.81,002262,恩华药业
9.41,600318,新力金融
19.94,600694,大商股份
10.9,002941,新疆交建
6.01,002708,光洋股份
28.17,605128,上海沿浦
42.72,300487,蓝晓科技
23.23,002889,东方嘉盛
20.57,688156,路德环境
142.68,605288,凯迪股份
14.19,603680,今创集团
2.61,002694,顾地科技
7.83,000989,九 芝 堂
2.98,600277,亿利洁能
2.98,002172,澳洋健康
6.7,002209,达 意 隆
14.49,603912,佳力图
10.03,002186,全 聚 德
13.74,603367,辰欣药业
2.97,002002,鸿达兴业
3.34,600622,光大嘉宝
25.17,002864,盘龙药业
2.59,600751,海航科技
4.07,300287,飞利信
28.85,603040,新坐标
5.17,600429,三元股份
4.8,002231,奥维通信
12.55,002903,宇环数控
3.69,600824,益民集团
11.8,603311,金海高科
46.83,300899,上海凯鑫
3.68,600261,阳光照明
30.53,300889,爱克股份
18.02,603888,新华网
13.6,003012,东鹏控股
4.04,600716,凤凰股份
6.22,600695,绿庭投资
12.44,000935,四川双马
8.78,002298,中电兴发
12.8,603083,剑桥科技
7.68,002091,江苏国泰
12.8,000990,诚志股份
40.2,002940,昂利康
24.8,601696,中银证券
5.47,600133,东湖高新
4.01,000078,海王生物
8.02,000019,深粮控股
7.29,600251,冠农股份
41.05,002979,雷赛智能
9.08,300353,东土科技
5.81,002429,兆驰股份
13.07,002055,得润电子
3.99,600094,大名城
3.62,300355,蒙草生态
7.6,002532,天山铝业
49.58,300280,紫天科技
4.7,000932,华菱钢铁
2.53,000892,欢瑞世纪
38.98,300596,利安隆
4.69,600796,钱江生化
6.13,300094,国联水产
6.85,600838,上海九百
44.28,300884,狄耐克
1.44,002656,ST摩登
8.88,002875,安奈儿
2.84,600339,中油工程
54.67,300820,英杰电气
9.58,000756,新华制药
9.22,300626,华瑞股份
3.19,002689,远大智能
12.4,300024,机器人
40.35,688166,博瑞医药
3.89,002489,浙江永强
3.89,002344,海宁皮城
7.07,300228,富瑞特装
38.53,603043,广州酒家
48.06,300709,精研科技
6.36,002522,浙江众成
4.59,000419,通程控股
10.23,002840,华统股份
16.93,300293,蓝英装备
12.69,002846,英联股份
28.2,002281,光迅科技
8.81,600422,昆药集团
21.95,603711,香飘飘
6.83,600135,乐凯胶片
2.51,600708,光明地产
4.66,600873,梅花生物
10.75,600822,上海物贸
6.45,002822,中装建设
3.22,002676,顺威股份
5.72,000006,深振业Ａ
8.22,601900,南方传媒
25.73,300778,新城市
3.57,002277,友阿股份
5.71,601999,出版传媒
6.42,300137,先河环保
7.13,002633,申科股份
9.98,300611,美力科技
9.62,603017,中衡设计
44.87,002987,京北方
41.63,002705,新宝股份
3.91,002662,京威股份
6.04,002488,金固股份
8.45,600975,新五丰
10.55,603303,得邦照明
13.01,600340,华夏幸福
8.79,600560,金自天正
4.57,600800,天津磁卡
89.99,300864,南大环境
9.84,002221,东华能源
7.73,000810,创维数字
29.85,603337,杰克股份
13.69,002185,华天科技
3.51,600076,康欣新材
14.39,300645,正元智慧
12.98,601238,广汽集团
4.91,603101,汇嘉时代
8.41,002381,双箭股份
9.8,603917,合力科技
3.85,600896,览海医疗
5.95,600888,新疆众和
8.4,300448,浩云科技
8.75,000153,丰原药业
27.28,605136,丽人丽妆
11.18,300469,信息发展
16.06,300610,晨化股份
6.98,002472,双环传动
11.86,601108,财通证券
8.02,000551,创元科技
20.92,300520,科大国创
4.88,002540,亚太科技
5.57,603111,康尼机电
7.31,002763,汇洁股份
5.22,603002,宏昌电子
8.35,601968,宝钢包装
17.03,603103,横店影视
38.22,300578,会畅通讯
7.99,002713,东易日盛
9.03,600506,香梨股份
8.33,603036,如通股份
3.47,002421,达实智能
32.96,688309,恒誉环保
12.13,002849,威星智能
4.85,002200,ST云投
11.42,603500,祥和实业
6.92,000045,深纺织Ａ
4.84,002108,沧州明珠
183.82,601799,星宇股份
3.8,300264,佳创视讯
16.58,300780,德恩精工
10.01,600138,中青旅
2.07,600321,正源股份
10.69,300503,昊志机电
5.86,600630,龙头股份
22.05,603916,苏博特
7.23,002457,青龙管业
189.0,603986,兆易创新
138.3,300832,新产业
5.16,600676,交运股份
12.04,002728,特一药业
22.66,603810,丰山集团
10.64,300703,创源股份
6.52,600328,中盐化工
19.56,002511,中顺洁柔
6.52,000016,深康佳Ａ
13.72,603788,宁波高发
4.8,002274,华昌化工
4.8,000430,张家界
14.03,300585,奥联电子
8.55,000961,中南建设
8.89,002998,优彩资源
7.51,000952,广济药业
37.08,688335,复洁环保
4.76,300291,华录百纳
3.06,002684,ST猛狮
13.26,002194,武汉凡谷
6.8,000931,中 关 村
5.09,002400,省广集团
26.8,300557,理工光科
8.14,002617,露笑科技
3.05,002337,赛象科技
8.81,600671,*ST目药
11.18,603159,上海亚虹
12.53,300423,昇辉科技
4.74,603399,吉翔股份
6.77,300509,新美星
15.22,603090,宏盛股份
10.14,600718,东软集团
13.52,600072,中船科技
5.07,002701,奥瑞金
6.75,002696,百洋股份
14.17,002034,旺能环境
21.59,603368,柳药股份
23.27,300271,华宇软件
31.01,300803,指南针
20.5,603380,易德龙
20.16,603379,三美股份
15.11,600756,浪潮软件
23.5,603351,威尔药业
5.37,603999,读者传媒
14.41,600783,鲁信创投
6.7,600390,五矿资本
3.68,000606,顺利办
17.73,605399,晨光新材
8.69,600479,千金药业
8.68,002099,海翔药业
4.34,000031,大悦城
3.67,002593,日上集团
5.0,600308,华泰股份
24.99,002156,通富微电
4.66,600821,*ST劝业
21.95,603811,诚意药业
5.32,002448,中原内配
14.95,605118,力鼎光电
16.61,000025,特  力Ａ
34.87,300902,国安达
9.29,000970,中科三环
4.97,600319,ST亚星
5.96,000488,晨鸣纸业
6.62,300173,福能东方
6.95,603838,四通股份
47.98,002980,华盛昌
4.63,002574,明牌珠宝
4.96,300297,蓝盾股份
17.18,603897,长城科技
9.89,603488,展鹏科技
13.18,300243,瑞丰高材
12.85,002899,英派斯
4.94,002349,精华制药
14.48,002879,长缆科技
22.36,300693,盛弘股份
4.6,002681,*ST奋达
14.12,002524,光正眼科
11.14,300404,博济医药
13.1,300735,光弘科技
4.91,300039,上海凯宝
3.27,300043,星辉娱乐
8.5,603648,畅联股份
5.23,000889,中嘉博创
7.19,300162,雷曼光电
16.34,300488,恒锋工具
9.15,300654,世纪天鸿
5.22,601058,赛轮轮胎
2.61,000428,华天酒店
4.24,600248,延长化建
4.89,603030,全筑股份
8.14,300229,拓尔思
4.23,000721,西安饮食
9.76,603937,丽岛新材
9.43,600218,全柴动力
10.73,603385,惠达卫浴
13.65,603220,中贝通信
22.74,603860,中公高科
64.3,002932,明德生物
11.69,300512,中亚股份
25.0,300713,英可瑞
9.09,603818,曲美家居
3.57,600503,华丽家族
17.2,688128,中国电研
8.76,600410,华胜天成
7.46,000009,中国宝安
5.5,000559,万向钱潮
15.52,603559,中通国脉
5.17,600491,龙元建设
10.32,300515,三德科技
4.83,002775,文科园林
63.09,688069,德林海
3.54,603117,万林物流
15.44,002048,宁波华翔
6.11,603116,红蜻蜓
4.82,300259,新天科技
5.46,002591,恒大高新
5.78,603009,北特科技
70.28,002993,奥海科技
4.17,000599,青岛双星
27.85,603730,岱美股份
4.48,002177,御银股份
72.27,300014,亿纬锂能
64.58,603301,振德医疗
6.07,600099,林海股份
100.29,603127,昭衍新药
33.83,300738,奥飞数据
5.74,600609,金杯汽车
8.61,002134,天津普林
25.51,300577,开润股份
4.78,600613,神奇制药
13.38,002253,川大智胜
48.4,300236,上海新阳
11.46,600167,联美控股
79.5,300887,谱尼测试
33.99,002030,达安基因
3.81,002336,ST人乐
6.03,600100,同方股份
26.64,300003,乐普医疗
9.83,300365,恒华科技
6.65,600983,惠而浦
17.1,600895,张江高科
3.8,002654,万润科技
1.9,000882,华联股份
15.19,601360,三六零
4.43,000973,佛塑科技
6.96,000920,南方汇通
67.38,300770,新媒股份
18.96,601231,环旭电子
3.16,000949,新乡化纤
18.3,605088,冠盛股份
4.1,002435,长江健康
6.62,600831,广电网络
3.78,600811,东方集团
5.04,300057,万顺新材
2.52,000620,新华联
7.55,002530,金财互联
17.3,002792,通宇通讯
24.52,002572,索菲亚
36.15,300589,江龙船艇
6.6,600136,当代文体
181.23,688029,南微医学
3.14,300145,中金环境
4.71,000908,景峰医药
25.42,002897,意华股份
6.59,002406,远东传动
109.8,688289,圣湘生物
4.39,002642,荣联科技
8.69,600826,兰生股份
13.03,002078,太阳纸业
7.75,600480,凌云股份
5.27,300279,和晶科技
3.72,002514,宝馨科技
6.81,002296,辉煌科技
12.07,000501,鄂武商Ａ
17.95,300779,惠城环保
11.76,002741,光华科技
13.3,600137,浪莎股份
30.9,603877,太平鸟
17.3,603189,网达软件
5.25,600714,金瑞矿业
7.1,000705,浙江震元
15.74,300286,安科瑞
12.95,002782,可立克
5.24,002029,七 匹 狼
6.47,600525,长园集团
8.01,603099,长白山
13.86,300125,聆达股份
17.35,300772,运达股份
42.0,300911,亿田智能
24.65,002838,道恩股份
6.39,601928,凤凰传媒
48.05,300837,浙矿股份
9.12,002917,金奥博
38.3,688068,热景生物
8.51,603098,森特股份
5.47,002270,华明装备
4.86,600748,上实发展
19.44,300418,昆仑万维
41.0,300897,山科智能
21.86,002957,科瑞技术
40.68,002507,涪陵榨菜
5.16,002492,恒基达鑫
3.64,600130,波导股份
20.02,300739,明阳电路
5.46,002357,富临运业
23.35,605108,同庆楼
7.58,300407,凯发电气
5.76,601500,通用股份
18.18,002949,华阳国际
4.24,300267,尔康制药
7.87,000911,南宁糖业
24.51,002138,顺络电子
13.31,603699,纽威股份
6.05,603166,福达股份
10.58,002827,高争民爆
14.49,603611,诺力股份
6.64,300017,网宿科技
30.18,300826,测绘股份
7.24,300047,天源迪科
3.62,002370,亚太药业
3.92,002316,亚联发展
84.71,300785,值得买
22.91,688138,清溢光电
2.11,002122,*ST天马
4.22,000717,韶钢松山
6.02,002474,榕基软件
3.61,600854,春兰股份
53.76,688358,祥生医疗
11.27,603790,雅运股份
11.27,000823,超声电子
5.93,300261,雅本化学
8.0,000655,金岭矿业
12.74,002951,金时科技
11.83,300821,东岳硅材
5.32,600996,贵广网络
230.21,605009,豪悦护理
11.82,003018,金富科技
7.09,600689,上海三毛
30.42,003001,中岩大地
13.29,605066,天正电气
12.99,600129,太极集团
26.57,603989,艾华集团
6.19,000650,仁和药业
68.92,600211,西藏药业
50.33,300624,万兴科技
15.01,000910,大亚圣象
138.0,002791,坚朗五金
15.64,300649,杭州园林
4.21,300210,森远股份
5.7,600606,绿地控股
13.5,300445,康斯特
7.5,300013,新宁物流
19.19,002953,日丰股份
6.59,300005,探路者
11.08,002313,日海智能
5.09,000597,东北制药
2.69,000592,平潭发展
6.87,600865,百大集团
28.94,002439,启明星辰
12.22,603988,中电电机
10.13,002152,广电运通
13.7,300535,达威股份
10.42,002855,捷荣技术
19.64,000034,神州数码
27.96,300551,古鳌科技
7.73,603997,继峰股份
8.62,002423,中粮资本
22.95,603466,风语筑
10.59,600073,上海梅林
5.0,300300,海峡创新
24.7,603733,仙鹤股份
18.81,002800,天顺股份
69.34,300767,震安科技
31.42,603801,志邦家居
11.45,300422,博世科
9.1,000157,中联重科
11.74,300746,汉嘉设计
57.8,603881,数据港
3.52,600781,*ST辅仁
4.4,600468,百利电气
7.92,002441,众业达
9.68,000038,深大通
70.69,600009,上海机场
15.54,603496,恒为科技
5.57,002386,天原集团
5.85,000888,峨眉山Ａ
4.97,002712,思美传媒
4.97,002397,梦洁股份
14.03,300565,科信技术
6.43,002566,益盛药业
5.26,002666,德联集团
14.9,603813,原尚股份
18.1,002661,克明面业
17.8,002653,海思科
170.94,300850,新强联
30.61,603330,上海天洋
127.62,300869,康泰医学
25.93,002976,瑞玛工业
4.66,002480,新筑股份
5.82,000695,滨海能源
10.18,300209,天泽信息
4.94,300061,旗天科技
116.0,603659,璞泰来
3.19,300111,向日葵
34.79,300851,交大思诺
15.07,300505,川金诺
13.32,603556,海兴电力
71.5,603893,瑞芯微
36.17,300518,盛讯达
8.1,300214,日科化学
6.07,603015,弘讯科技
2.6,300370,安控科技
6.35,603958,哈森股份
20.49,300188,美亚柏科
6.92,300329,海伦钢琴
39.72,002008,大族激光
23.0,300508,维宏股份
7.47,002197,证通电子
17.78,300700,岱勒新材
8.89,002563,森马服饰
2.58,000793,华闻集团
35.24,688555,泽达易盛
28.07,603200,上海洗霸
4.58,603335,迪生力
4.58,600712,南宁百货
12.88,603035,常熟汽饰
1.43,000980,*ST众泰
32.6,603787,新日股份
8.46,601330,绿色动力
19.74,300796,贝斯美
7.52,300434,金石亚药
27.57,002294,信立泰
9.07,300360,炬华科技
23.45,600085,同仁堂
2.5,600396,金山股份
3.75,300262,巴安水务
3.43,603389,*ST亚振
3.43,000523,广州浪奇
9.04,002905,金逸影视
19.95,603982,泉峰汽车
8.1,605006,山东玻纤
10.59,603829,洛凯股份
7.16,600706,曲江文旅
6.22,603012,创力集团
12.75,603718,海利生物
30.15,688030,山石网科
4.04,000966,长源电力
29.55,603355,莱克电气
18.15,300660,江苏雷利
6.46,002570,贝因美
6.76,600804,鹏博士
23.35,300473,德尔股份
22.1,603950,长源东谷
12.89,002600,领益智造
7.36,603569,长久物流
10.73,600663,陆家嘴
13.78,603729,龙韵股份
8.88,000566,海南海药
10.08,603918,金桥信息
3.36,002067,景兴纸业
7.94,002788,鹭燕医药
9.46,002081,金 螳 螂
10.06,600833,第一医药
31.08,688178,万德斯
13.71,600081,东风科技
17.67,300891,惠云钛业
9.44,002432,九安医疗
15.11,603286,日盈电子
9.51,000505,京粮控股
18.18,300809,华辰装备
4.47,002160,常铝股份
37.71,300865,大宏立
15.64,002315,焦点科技
32.39,300679,电连技术
13.39,603588,高能环境
119.35,300033,同花顺
19.24,300380,安硕信息
7.8,603168,莎普爱思
72.4,300450,先导智能
8.34,002434,万里扬
5.28,603011,合锻智能
6.11,600586,金晶科技
34.41,300363,博腾股份
3.33,002366,台海核电
6.38,002284,亚太股份
4.16,000035,中国天楹
10.26,600513,联环药业
10.8,002026,山东威达
3.32,000732,泰禾集团
6.36,600113,浙江东日
13.82,300730,科创信息
3.04,600172,黄河旋风
7.73,002107,沃华医药
14.9,300007,汉威科技
4.69,600805,悦达投资
3.31,600936,广西广电
12.96,002301,齐心集团
370.06,688111,金山办公
17.06,603657,春光科技
4.4,000665,湖北广电
33.53,300327,中颖电子
6.59,300004,南风股份
9.87,300412,迦南科技
13.98,002818,富森美
2.74,000564,供销大集
7.67,603637,镇海股份
40.79,688520,神州细胞-U
8.21,000610,西安旅游
3.01,002131,利欧股份
7.66,300385,雪浪环境
8.48,002548,金新农
40.19,688090,瑞松科技
5.74,601798,蓝科高新
1.64,002021,ST中捷
418.12,000661,长春高新
17.17,002760,凤形股份
12.26,002428,云南锗业
3.54,300148,天舟文化
40.81,300683,海特生物
16.04,605255,天普股份
42.67,300868,杰美特
46.2,688228,开普云
17.09,300546,雄帝科技
17.63,300790,宇瞳光学
37.67,688085,三友医疗
149.57,688363,华熙生物
5.69,300270,中威电子
10.29,002830,名雕股份
2.0,600393,粤泰股份
7.14,002114,罗平锌电
22.55,000739,普洛药业
37.06,688001,华兴源创
9.11,300621,维业股份
4.27,002565,顺灏股份
2.56,600439,瑞贝卡
2.56,002505,大康农业
13.36,300732,设研院
7.39,002169,智光电气
11.65,002317,众生药业
13.92,605218,伟时电子
16.47,002888,惠威科技
7.38,002105,信隆健康
69.54,300827,上能电气
4.54,300066,三川智慧
10.78,002809,红墙股份
15.03,600109,国金证券
26.33,300800,力合科技
3.68,002628,成都路桥
17.26,603887,城地香江
5.94,002969,嘉美包装
17.24,300161,华中数控
7.63,002660,茂硕电源
5.36,002411,延安必康
89.11,688020,方邦股份
6.48,002742,三圣股份
5.63,002312,三泰控股
13.79,603042,华脉科技
85.52,688065,凯赛生物
11.25,603269,海鸥股份
28.12,603348,文灿股份
4.78,002010,传化智联
5.9,300528,幸福蓝海
6.74,002417,深南股份
48.02,002995,天地在线
11.77,002576,通达动力
4.76,603889,新澳股份
4.2,002476,宝莫股份
5.35,002536,飞龙股份
14.71,003015,日久光电
9.89,605166,聚合顺
7.75,600728,佳都科技
14.43,603013,亚普股份
6.68,300254,仟源医药
8.28,000936,华西股份
11.75,603056,德邦股份
7.21,000919,金陵药业
91.3,300852,四会富仕
17.88,300504,天邑股份
16.8,002635,安洁科技
58.38,688268,华特气体
8.26,300377,赢时胜
5.86,300534,陇神戎发
23.97,300583,赛托生物
30.62,603186,华正新材
17.3,603630,拉芳家化
8.25,600070,浙江富润
6.12,002098,浔兴股份
29.8,003007,直真科技
11.44,600141,兴发集团
7.18,002205,国统股份
13.03,300500,启迪设计
69.38,603317,天味食品
13.54,300608,思特奇
26.81,002624,完美世界
10.88,300665,飞鹿股份
4.51,603828,柯利达
5.57,603333,尚纬股份
32.33,688222,成都先导
8.48,300388,国祯环保
33.63,002810,山东赫达
4.5,002285,世联行
7.94,002065,东华软件
10.85,605050,福然德
10.85,002806,华锋股份
14.0,300192,科德教育
7.66,300096,易联众
31.69,300674,宇信科技
28.52,002287,奇正藏药
11.09,603626,科森科技
3.96,300345,华民股份
31.15,603387,基蛋生物
27.19,002896,中大力德
6.33,600128,弘业股份
16.61,300675,建科院
2.9,000692,惠天热电
9.49,000880,潍柴重机
16.08,002997,瑞鹄模具
68.01,300685,艾德生物
17.92,002971,和远气体
6.06,002748,世龙实业
5.53,601019,山东出版
13.69,300543,朗科智能
42.05,603931,格林达
25.75,300563,神宇股份
2.89,600052,浙江广厦
17.07,002399,海普瑞
122.6,603833,欧派家居
11.55,600127,金健米业
3.15,600105,永鼎股份
111.83,002847,盐津铺子
19.9,603595,东尼电子
8.64,300088,长信科技
4.45,002235,安妮股份
21.2,002163,海南发展
5.49,600540,新赛股份
18.29,300634,彩讯股份
94.27,688366,昊海生科
14.88,300697,电工合金
15.66,300253,卫宁健康
13.83,688033,天宜上佳
25.31,300590,移为通信
5.74,000584,哈工智能
4.43,002279,久其软件
9.37,603528,多伦科技
22.9,002929,润建股份
5.2,300312,邦讯技术
12.48,002937,兴瑞科技
23.03,300636,同和药业
289.35,688019,安集科技
9.75,603903,中持股份
3.25,600790,轻纺城
27.08,002992,宝明科技
3.52,600869,智慧能源
14.88,688518,联赢激光
25.15,300538,同益股份
8.38,300376,易事特
25.38,600976,健民集团
13.77,300587,天铁股份
6.75,000638,万方发展
15.91,300561,汇金科技
6.2,000429,粤高速Ａ
7.81,603963,大理药业
6.19,000589,贵州轮胎
31.48,300566,激智科技
5.38,000813,德展健康
32.01,002869,金溢科技
27.13,300771,智莱科技
20.41,603709,中源家居
17.72,300582,英飞特
3.49,000812,陕西金叶
42.95,300729,乐歌股份
9.93,603628,清源股份
4.29,002693,双成药业
35.92,002989,中天精装
19.3,603063,禾望电气
5.36,600766,园城黄金
2.68,000838,财信发展
6.43,600604,市北高新
17.95,603008,喜临门
113.58,600132,重庆啤酒
10.98,300288,朗玛信息
189.6,688399,硕世生物
2.41,600691,阳煤化工
5.89,300055,万邦达
9.37,002645,华宏科技
11.24,300798,锦鸡股份
2.14,600331,宏达股份
4.38,300025,华星创业
24.72,300742,越博动力
2.06,002665,首航高科
51.7,688189,南新制药
2.57,600243,*ST海华
9.25,300333,兆日科技
11.56,603028,赛福天
7.7,300176,派生科技
1.54,000687,*ST华讯
17.18,300711,广哈通信
92.0,688580,伟思医疗
27.67,603156,养元饮品
50.19,605178,时空科技
7.68,603388,元成股份
6.65,300155,安居宝
23.53,603095,越剑智能
5.88,002584,西陇科学
9.96,300010,豆神教育
15.82,300106,西部牧业
4.08,600986,科达股份
14.54,688579,山大地纬
6.23,002774,快意电梯
3.11,300201,海伦哲
10.88,002895,川恒股份
29.27,300824,北鼎股份
4.66,300079,数码科技
16.82,688600,皖仪科技
10.35,002657,中科金财
9.83,002826,易明医药
14.48,002825,纳尔股份
14.48,002481,双塔食品
5.17,600830,香溢融通
5.17,600784,鲁银投资
9.3,003016,欣贺股份
5.68,300154,瑞凌股份
5.42,002012,凯恩股份
28.11,000963,华东医药
18.04,002751,易尚展示
15.72,300399,天利科技
17.78,603886,元祖股份
1.26,600555,*ST海创
5.04,300063,天龙集团
14.11,603876,鼎胜新材
9.07,300736,百邦科技
6.55,600773,西藏城投
10.58,002326,永太科技
170.2,300888,稳健医疗
7.3,002537,海联金汇
10.32,603118,共进股份
28.18,002942,新农股份
72.96,688179,阿拉丁
27.9,688106,金宏气体
4.02,600156,华升股份
2.51,002141,贤丰控股
26.35,688312,燕麦科技
179.06,688298,东方生物
45.64,002459,晶澳科技
24.57,300849,锦盛新材
10.78,300381,溢多利
8.51,000881,中广核技
10.95,605158,华达新材
9.67,002436,兴森科技
83.55,300915,海融科技
7.11,603725,天安新材
11.93,603703,盛洋科技
104.55,688229,博睿数据
9.64,300366,创意信息
2.28,600715,文投控股
14.43,002815,崇达技术
4.3,300067,安诺其
16.44,300460,惠伦晶体
13.9,300497,富祥药业
45.23,688300,联瑞新材
7.58,002616,长青集团
8.08,002416,爱施德
6.56,300189,神农科技
36.58,605177,东亚药业
6.81,603106,恒银科技
22.69,002382,蓝帆医疗
280.0,688339,亿华通-U
17.86,300718,长盛轴承
49.1,688005,容百科技
12.15,300514,友讯达
3.22,300336,新文化
37.4,300807,天迈科技
8.17,002125,湘潭电化
10.89,002044,美年健康
7.92,000635,英 力 特
18.55,300321,同大股份
6.43,300296,利亚德
254.68,603290,斯达半导
12.61,300511,雪榕生物
4.45,002083,孚日股份
21.99,002890,弘宇股份
10.62,600055,万东医疗
22.22,688313,仕佳光子-U
3.95,002491,通鼎互联
78.2,688330,宏力达
7.89,300126,锐奇股份
23.17,300594,朗进科技
22.02,688129,东来技术
4.0,600778,友好集团
9.75,300475,聚隆科技
7.0,300193,佳士科技
16.75,300183,东软载波
12.5,002779,中坚科技
12.74,603777,来伊份
7.49,300539,横河模具
9.47,601568,北元集团
14.95,300384,三联虹普
22.91,300786,国林科技
9.96,002468,申通快递
4.73,600823,世茂股份
24.64,300564,筑博设计
5.22,300307,慈星股份
42.21,300873,海晨股份
5.71,002224,三 力 士
17.12,300491,通合科技
52.1,300878,维康药业
51.1,688080,映翰通
12.22,000062,深圳华强
23.46,603858,步长制药
3.91,300157,恒泰艾普
5.62,002479,富春环保
9.77,300275,梅安森
4.15,300108,吉药控股
4.88,600303,曙光股份
4.88,300310,宜通世纪
5.85,000802,北京文化
4.63,300182,捷成股份
83.57,603416,信捷电气
29.48,603579,荣泰健康
19.49,300462,华铭智能
8.28,300392,腾信股份
8.03,600633,浙数文化
2.19,300116,保力新
10.95,002484,江海股份
100.12,688777,中控技术
16.27,300174,元力股份
12.14,300295,三六五网
5.42,600602,云赛智联
26.1,002368,太极股份
8.86,300112,万讯自控
5.66,300420,五洋停车
23.36,300633,开立医疗
8.36,002364,中恒电气
50.39,300666,江丰电子
3.93,002345,潮宏基
18.41,300439,美康生物
27.0,300378,鼎捷软件
6.38,603608,天创时尚
6.87,603058,永吉股份
3.92,600361,华联综超
8.82,300305,裕兴股份
6.86,300263,隆华科技
4.9,002308,威创股份
18.86,000021,深科技
11.02,300507,苏奥传感
50.64,003017,大洋生物
6.11,300256,星星科技
5.34,002587,奥拓电子
14.56,300668,杰恩设计
7.28,300640,德艺文创
14.56,300208,青岛中程
36.64,002541,鸿路钢构
4.61,601216,君正集团
4.61,300150,世纪瑞尔
37.36,300872,天阳科技
15.28,300625,三雄极光
38.32,300907,康平科技
24.49,603508,思维列控
5.09,300051,三五互联
18.42,002963,豪尔赛
6.78,300591,万里马
2.42,600239,云南城投
2.42,000017,*ST中华A
60.7,605369,拱东医疗
5.8,002211,宏达新材
18.12,002373,千方科技
12.08,000830,鲁西化工
3.09,300459,金科文化
46.82,300848,美瑞新材
40.4,300436,广生堂
67.92,002982,湘佳股份
18.76,603948,建业股份
24.93,688466,金科环境
22.55,002816,和科达
15.19,601163,三角轮胎
5.22,603518,锦泓集团
12.1,603936,博敏电子
19.44,688007,光峰科技
48.53,300836,佰奥智能
15.15,300531,优博讯
21.3,002955,鸿合科技
6.86,000955,欣龙控股
7.33,001696,宗申动力
2.6,300135,宝利国际
4.49,002615,哈尔斯
10.87,002106,莱宝高科
1.89,002663,普邦股份
177.24,300866,安克创新
7.24,000856,冀东装备
21.72,000004,国华网安
7.48,300419,浩丰科技
36.18,002074,国轩高科
25.08,300882,万胜智能
12.78,300559,佳发教育
6.99,002590,万安科技
21.43,300584,海辰药业
37.8,605258,协和电子
20.43,002950,奥美医疗
21.39,605388,均瑶健康
7.45,002024,苏宁易购
9.36,300588,熙菱信息
17.28,300541,先进数通
27.56,688078,龙软科技
12.7,603880,南卫股份
5.99,300281,金明精机
5.75,300444,双杰电气
4.31,000868,ST安凯
27.05,603773,沃格光电
3.83,002668,奥马电器
11.96,300647,超频三
23.2,002605,姚记科技
2.87,600297,广汇汽车
7.65,603667,五洲新春
5.02,600222,太龙药业
40.12,688077,大地熊
13.61,002907,华森制药
62.07,688357,建龙微纳
8.83,300317,珈伟新能
8.35,688055,龙腾光电
8.11,000524,岭南控股
4.53,000609,中迪投资
32.42,300571,平治信息
27.89,300755,华致酒行
8.58,603701,德宏股份
7.15,002252,上海莱士
22.13,300758,七彩化学
4.52,300282,三盛教育
10.63,300222,科大智能
16.76,300740,御家汇
16.05,002873,新天药业
24.31,300549,优德精密
3.54,300163,先锋新材
25.7,300706,阿石创
3.3,002178,延华智能
9.65,603085,天成自控
11.53,002796,世嘉科技
24.94,002603,以岭药业
16.46,300808,久量股份
4.23,002264,新 华 都
8.92,002811,郑中设计
13.14,300368,汇金股份
2.58,002263,大东南
12.42,002902,铭普光磁
7.03,300199,翰宇药业
15.7,300258,精锻科技
29.51,688578,艾力斯-U
18.7,300556,丝路视觉
5.61,000700,模塑科技
5.14,300356,光一科技
5.84,300311,任子行
16.58,300797,钢研纳克
5.6,002455,百川股份
18.43,603757,大元泵业
5.13,002776,柏堡龙
18.42,002865,钧达股份
8.86,300430,诚益通
3.26,300266,兴源环境
7.68,300077,国民技术
5.12,000518,四环生物
18.6,688377,迪威尔
10.23,603398,邦宝益智
3.95,600078,澄星股份
3.95,002206,海 利 得
11.14,600260,凯乐科技
24.83,600739,辽宁成大
11.6,603336,宏辉果蔬
10.44,300597,吉大通信
45.2,605100,华丰股份
15.76,300743,天地数码
10.19,300250,初灵信息
37.05,688015,交控科技
6.02,002137,麦达数字
11.57,002401,中远海科
27.76,300545,联得装备
5.32,002562,兄弟科技
36.31,002986,宇新股份
2.54,300071,华谊嘉信
10.85,600812,华北制药
11.07,603112,华翔股份
3.92,002519,银河电子
12.44,603721,中广天择
20.5,688389,普门科技
6.91,000615,奥园美谷
31.31,300845,捷安高科
69.72,688006,杭可科技
1.38,600568,*ST中珠
17.47,300631,久吾高科
61.02,688021,奥福环保
16.62,600066,宇通客车
2.73,300247,融捷健康
2.73,000611,ST天首
17.06,603386,广东骏亚
15.24,300484,蓝海华腾
4.32,600889,南京化纤
8.64,600285,羚锐制药
20.46,600993,马应龙
5.91,002292,奥飞娱乐
15.45,600446,金证股份
202.1,605111,新洁能
5.9,300359,全通教育
15.65,300485,赛升药业
6.35,300211,亿通科技
6.8,300299,富春股份
7.92,300410,正业科技
5.43,300304,云意电气
5.43,002863,今飞凯达
7.69,002606,大连电瓷
9.76,300134,大富科技
2.66,002610,爱康科技
3.1,000608,阳光股份
18.81,002212,天融信
7.3,300190,维尔利
9.29,603687,大胜达
6.84,002229,鸿博股份
17.65,002798,帝欧家居
17.85,603093,南华期货
7.05,000586,汇源通信
26.43,300708,聚灿光电
4.18,300269,联建光电
6.16,300044,赛为智能
7.7,002719,*ST麦趣
5.28,002533,金杯电工
13.19,600216,浙江医药
75.18,688099,晶晨股份
53.85,002557,洽洽食品
47.25,688513,苑东生物
7.25,002375,亚厦股份
8.32,300716,国立科技
20.91,300801,泰和科技
8.54,603901,永创智能
16.18,688528,秦川物联
7.41,300493,润欣科技
5.16,300032,金龙机电
15.02,605333,沪光股份
3.36,002154,报 喜 鸟
32.89,300913,兆龙互连
12.29,603329,上海雅仕
18.53,003013,地铁设计
3.12,002721,金一文化
10.25,300547,川环科技
13.13,300030,阳普医疗
8.9,002609,捷顺科技
16.23,603949,雪龙集团
31.57,300553,集智股份
42.19,688160,步科股份
16.43,300537,广信材料
35.3,600859,王府井
28.95,688310,迈得医疗
8.36,300049,福瑞股份
44.96,002978,安宁股份
18.29,002236,大华股份
7.45,000848,承德露露
316.0,688608,恒玄科技
7.9,002725,跃岭股份
11.51,002577,雷柏科技
10.37,002858,力盛赛车
34.04,002242,九阳股份
54.54,002912,中新赛克
10.14,601208,东材科技
4.73,002329,皇氏集团
17.33,688505,复旦张江
7.2,603767,中马传动
8.55,300319,麦捷科技
5.85,300180,华峰超纤
10.8,300141,和顺电气
8.55,000156,华数传媒
19.34,688596,正帆科技
8.27,002408,齐翔腾达
10.79,002771,真视通
5.05,002659,凯文教育
12.16,300374,中铁装配
3.9,002494,华斯股份
6.42,002261,拓维信息
2.75,300237,美晨生态
7.78,002425,凯撒文化
84.38,300791,仙乐健康
8.23,002208,合肥城建
24.22,002884,凌霄泵业
6.85,002786,银宝山新
50.68,300877,金春股份
11.41,603580,艾艾精工
16.43,002268,卫 士 通
6.16,300102,乾照光电
18.25,300805,电声股份
26.69,002180,纳思达
18.92,688590,新致软件
16.18,603086,先达股份
37.12,688321,微芯生物
11.2,300694,蠡湖股份
5.05,000701,厦门信达
4.83,300110,华仁药业
7.89,603900,莱绅通灵
4.38,300425,中建环能
19.7,300468,四方精创
11.6,600233,圆通速递
11.81,000011,深物业A
19.23,300686,智动力
72.29,300870,欧陆通
17.47,002943,宇晶股份
24.02,688379,华光新材
6.11,600287,江苏舜天
39.71,688136,科兴制药
38.4,300876,蒙泰高新
37.09,300136,信维通信
13.96,600380,健康元
107.09,688002,睿创微纳
1.09,002256,*ST兆新
31.15,300818,耐普矿机
6.97,000029,深深房Ａ
16.1,603037,凯众股份
5.22,002361,神剑股份
22.82,603908,牧高笛
28.68,300673,佩蒂股份
2.39,000616,海航投资
4.34,002358,森源电气
20.14,300580,贝斯特
48.93,003005,竞业达
7.36,603123,翠微股份
6.06,002207,准油股份
7.35,603316,诚邦股份
5.62,002173,创新医疗
39.95,300871,回盛生物
42.1,002007,华兰生物
4.53,002517,恺英网络
9.49,603633,徕木股份
38.6,688500,慧辰资讯
19.19,300386,飞天诚信
5.82,002620,瑞和股份
19.6,600645,中源协和
8.4,002054,德美化工
22.15,603033,三维股份
12.9,300480,光力科技
11.18,300062,中能电气
14.83,600535,天士力
9.24,603421,鼎信通讯
10.08,600373,中文传媒
5.78,002515,金字火腿
26.09,688556,高测股份
23.48,688336,三生国健
5.76,300273,和佳医疗
13.22,603029,天鹅股份
29.85,300710,万隆光电
4.26,300084,海默科技
11.28,002273,水晶光电
13.83,002723,金莱特
4.89,300076,GQY视讯
27.21,002223,鱼跃医疗
4.25,002148,北纬科技
11.47,603929,亚翔集成
15.5,002120,韵达股份
36.3,003025,思进智能
20.16,603809,豪能股份
7.85,600375,汉马科技
9.12,002117,东港股份
11.24,600776,东方通信
17.15,300398,飞凯材料
41.92,300787,海能实业
5.92,300283,温州宏丰
13.53,300479,神思电子
31.26,688013,天臣医疗
5.28,002589,瑞康医药
88.7,300999,金龙鱼
4.01,300098,高新兴
5.48,300050,世纪鼎利
5.69,000702,正虹科技
8.85,300245,天玑科技
3.37,601619,嘉泽新能
8.1,002761,多喜爱
5.87,300086,康芝药业
12.95,002582,好想你
36.61,300458,全志科技
27.7,688308,欧科亿
141.12,603160,汇顶科技
45.89,688577,浙海德曼
14.14,603138,海量数据
5.25,300352,北信源
3.23,600744,华银电力
39.75,603991,至正股份
34.1,688127,蓝特光学
79.49,688157,松井股份
19.16,300838,浙江力诺
20.09,603439,贵州三力
30.44,000951,中国重汽
5.19,002161,远 望 谷
7.98,300160,秀强股份
152.14,300763,锦浪科技
5.98,300107,建新股份
20.2,688219,会通股份
5.68,300072,三聚环保
5.68,002452,长高集团
7.36,002196,方正电机
17.24,300085,银之杰
10.5,300139,晓程科技
4.41,300105,龙源技术
14.28,002213,大为股份
22.46,605198,德利股份
14.04,300318,博晖创新
13.8,300109,新开源
10.87,600198,大唐电信
9.18,300555,路通视信
5.0,002640,跨境通
33.1,688056,莱伯泰科
7.7,603183,建研院
13.51,300494,盛天网络
19.11,002581,未名医药
64.33,688266,泽璟制药-U
8.3,300637,扬帆新材
11.08,300302,同有科技
20.5,300600,国瑞科技
6.15,000158,常山北明
31.73,300867,圣元环保
12.48,300603,立昂技术
83.88,688550,瑞联新材
3.27,000766,通化金马
3.47,300128,锦富技术
15.1,603956,威派格
7.13,300140,中环装备
5.09,002225,濮耐股份
8.55,002187,广百股份
5.9,300181,佐力药业
5.89,300466,赛摩智能
38.95,688086,紫晶存储
7.1,000722,湖南发展
10.75,300389,艾比森
4.46,300290,荣科科技
4.46,000790,华神科技
5.47,002467,二六三
4.98,002510,天汽模
5.81,002454,松芝股份
7.26,600571,信雅达
85.65,300816,艾可蓝
5.8,300284,苏交科
69.39,000860,顺鑫农业
4.97,002328,新朋股份
14.91,000555,神州信息
9.69,300330,华虹计通
40.2,000513,丽珠集团
616.1,300896,爱美客
5.56,603196,日播时尚
29.85,002747,埃斯顿
26.96,300118,东方日升
32.48,603990,麦迪科技
3.7,300217,东方电热
13.97,300428,四通新材
7.6,600160,巨化股份
90.16,688356,键凯科技
10.47,603390,通达电气
14.55,003003,天元股份
34.48,300727,润禾材料
21.9,603306,华懋科技
28.07,300857,协创数据
39.8,300812,易天股份
5.97,002538,司尔特
1.79,002619,艾格拉斯
16.3,300519,新光药业
22.65,002886,沃特股份
11.51,002820,桂发祥
8.73,000930,中粮科技
5.95,600313,农发种业
36.05,603826,坤彩科技
38.62,603927,中科软
4.95,600890,中房股份
1.98,600255,*ST鑫科
9.7,300586,美联新材
7.72,002424,贵州百灵
4.55,600415,小商品城
22.94,603708,家家悦
10.28,300432,富临精工
4.14,002168,惠程科技
54.95,300856,科思股份
10.82,002698,博实股份
34.16,002626,金达威
19.63,300501,海顺新材
10.2,603815,交建股份
4.9,300375,鹏翎股份
11.17,300251,光线传媒
4.11,300074,华平股份
12.13,300203,聚光科技
4.89,300184,力源信息
46.14,603868,飞科电器
19.55,002019,亿帆医药
9.77,600696,ST岩石
27.49,300658,延江股份
11.3,600299,安迪苏
5.65,300240,飞力达
22.4,603867,新化股份
7.4,300664,鹏鹞环保
5.05,300002,神州泰岳
10.87,603133,碳元科技
8.15,603256,宏和科技
1.94,603996,*ST中新
11.83,300235,方直科技
15.51,002227,奥 特 迅
18.03,688221,前沿生物-U
4.07,300276,三丰智能
17.8,605183,确成股份
1.16,000673,*ST当代
5.02,000676,智度股份
12.35,002201,九鼎新材
4.63,600249,两面针
15.8,603686,龙马环卫
3.08,000572,ST海马
10.58,300103,达刚控股
7.87,600093,易见股份
56.0,688338,赛科希德
5.56,600306,*ST商城
2.3,600084,ST中葡
55.16,300909,汇创达
228.68,688027,国盾量子
9.0,300472,新元科技
2.68,002188,ST巴士
4.4,600209,ST罗顿
9.56,600037,歌华有线
4.2,300292,吴通控股
2.48,603555,*ST贵人
10.11,002286,保龄宝
29.37,300828,锐新科技
10.48,002862,实丰文化
4.38,002427,ST尤夫
82.82,600702,ST舍得
23.92,603507,振江股份
35.67,300880,迦南智能
11.56,603696,安记食品
3.79,000752,*ST西发
11.54,300471,厚普股份
5.48,300641,正丹股份
1.7,002102,ST冠福
27.54,688159,有方科技
6.41,603779,ST威龙
196.09,688318,财富趋势
1.13,002147,*ST新光
3.2,002592,ST八菱
10.34,600476,湘邮科技
18.78,300461,田中精机
8.44,002251,步 步 高
3.56,000716,黑芝麻
6.55,300179,四方达
14.59,003000,华文食品
35.89,002466,天齐锂业
2.43,600355,精伦电子
12.52,300349,金卡智能
6.91,300018,中元股份
40.15,688557,兰剑智能
1.12,000587,*ST金洲
81.75,688060,云涌科技
2.61,600365,ST通葡
10.81,300130,新国都
1.08,002071,*ST长城
17.09,002852,道道全
5.38,300272,开能健康
7.89,603527,众源新材
37.1,002607,中公教育
6.63,600499,科达制造
4.83,300167,迪威迅
24.83,688588,凌志软件
20.18,300606,金太阳
13.01,300417,南华仪器
45.26,300833,浩洋股份
4.81,000917,电广传媒
35.94,688278,特宝生物
55.65,688398,赛特新材
4.62,000698,沈阳化工
7.28,300387,富邦股份
52.0,688026,洁特生物
4.79,300242,佳云科技
18.76,603536,惠发食品
31.13,688360,德马科技
29.25,300843,胜蓝股份
8.75,603178,圣龙股份
5.21,300303,聚飞光电
12.28,600785,新华百货
10.79,300166,东方国信
20.81,300846,首都在线
2.6,002323,*ST雅博
35.63,300572,安车检测
4.45,600496,精工钢构
12.95,605018,长华股份
15.54,002291,星期六
6.82,002602,世纪华通
8.66,300405,科隆股份
19.46,300859,西域旅游
7.15,300338,开元教育
5.31,000815,美利云
38.24,688277,天智航-U
43.7,300623,捷捷微电
28.49,300207,欣旺达
9.13,300478,杭州高新
8.76,300670,大烨智能
29.16,603258,电魂网络
12.39,002835,同为股份
1.82,000835,*ST长动
5.64,002388,新亚制程
41.78,300689,澄天伟业
38.13,300893,松原股份
11.62,300100,双林股份
12.87,300035,中科电气
9.42,300339,润和软件
29.3,300087,荃银高科
25.28,300438,鹏辉能源
3.25,600166,福田汽车
4.33,002310,东方园林
19.66,300831,派瑞股份
10.28,002842,翔鹭钨业
5.23,300350,华鹏飞
5.59,300335,迪森股份
36.0,300639,凯普生物
11.88,300465,高伟达
9.34,603557,起步股份
21.32,002799,环球印务
23.74,605151,西上海
13.41,000798,中水渔业
30.13,605099,共创草坪
24.75,605186,健麾信息
4.07,002564,天沃科技
9.35,002046,国机精工
8.8,002043,兔 宝 宝
6.6,000899,赣能股份
63.6,000049,德赛电池
60.3,003009,中天火箭
29.28,003026,中晶科技
11.67,002651,利君股份
8.59,001896,豫能控股
15.53,003002,壶化股份
11.36,603959,百利科技
7.73,600292,远达环保
9.72,600956,新天绿能
6.85,600207,安彩高科
